{"frames": [

{
	"filename": "banner",
	"frame": {"x":1,"y":1203,"w":600,"h":200},
	"rotated": false,
	"trimmed": false,
	"spriteSourceSize": {"x":0,"y":0,"w":600,"h":200},
	"sourceSize": {"w":600,"h":200},
	"pivot": {"x":0.5,"y":0.5}
},
{
	"filename": "base",
	"frame": {"x":1,"y":1,"w":633,"h":728},
	"rotated": false,
	"trimmed": true,
	"spriteSourceSize": {"x":0,"y":5,"w":633,"h":728},
	"sourceSize": {"w":633,"h":733},
	"pivot": {"x":0.5,"y":0.5}
},
{
	"filename": "retro-pattern",
	"frame": {"x":1,"y":731,"w":470,"h":470},
	"rotated": false,
	"trimmed": false,
	"spriteSourceSize": {"x":0,"y":0,"w":470,"h":470},
	"sourceSize": {"w":470,"h":470},
	"pivot": {"x":0.5,"y":0.5}
},
{
	"filename": "retryoff",
	"frame": {"x":473,"y":903,"w":227,"h":83},
	"rotated": false,
	"trimmed": false,
	"spriteSourceSize": {"x":0,"y":0,"w":227,"h":83},
	"sourceSize": {"w":227,"h":83},
	"pivot": {"x":0.5,"y":0.5}
},
{
	"filename": "retryon",
	"frame": {"x":473,"y":817,"w":227,"h":84},
	"rotated": false,
	"trimmed": false,
	"spriteSourceSize": {"x":0,"y":0,"w":227,"h":84},
	"sourceSize": {"w":227,"h":84},
	"pivot": {"x":0.5,"y":0.5}
},
{
	"filename": "shareoff",
	"frame": {"x":473,"y":731,"w":228,"h":84},
	"rotated": false,
	"trimmed": false,
	"spriteSourceSize": {"x":0,"y":0,"w":228,"h":84},
	"sourceSize": {"w":228,"h":84},
	"pivot": {"x":0.5,"y":0.5}
},
{
	"filename": "shareon",
	"frame": {"x":473,"y":988,"w":227,"h":83},
	"rotated": false,
	"trimmed": false,
	"spriteSourceSize": {"x":0,"y":0,"w":227,"h":83},
	"sourceSize": {"w":227,"h":83},
	"pivot": {"x":0.5,"y":0.5}
}],
"meta": {
	"app": "http://www.codeandweb.com/texturepacker",
	"version": "1.0",
	"image": "atlas.png",
	"format": "RGBA8888",
	"size": {"w":702,"h":1404},
	"scale": "1",
	"smartupdate": "$TexturePacker:SmartUpdate:df542ad90f72b230f8e3bd3a056814f5:e927f79fbf4ccd35495b6d2e7e2bf7e4:cbce6b53f0f49e0bf15173c25c41f876$"
}
}
