{"frames": [

{
	"filename": "backpoint",
	"frame": {"x":1,"y":478,"w":24,"h":24},
	"rotated": false,
	"trimmed": false,
	"spriteSourceSize": {"x":0,"y":0,"w":24,"h":24},
	"sourceSize": {"w":24,"h":24},
	"pivot": {"x":0.5,"y":0.5}
},
{
	"filename": "bar",
	"frame": {"x":925,"y":394,"w":30,"h":34},
	"rotated": false,
	"trimmed": false,
	"spriteSourceSize": {"x":0,"y":0,"w":30,"h":34},
	"sourceSize": {"w":30,"h":34},
	"pivot": {"x":0.5,"y":0.5}
},
{
	"filename": "board",
	"frame": {"x":1081,"y":1,"w":335,"h":500},
	"rotated": false,
	"trimmed": false,
	"spriteSourceSize": {"x":0,"y":0,"w":335,"h":500},
	"sourceSize": {"w":335,"h":500},
	"pivot": {"x":0.5,"y":0.5}
},
{
	"filename": "button",
	"frame": {"x":658,"y":354,"w":129,"h":114},
	"rotated": false,
	"trimmed": false,
	"spriteSourceSize": {"x":0,"y":0,"w":129,"h":114},
	"sourceSize": {"w":129,"h":114},
	"pivot": {"x":0.5,"y":0.5}
},
{
	"filename": "clock",
	"frame": {"x":1,"y":378,"w":456,"h":98},
	"rotated": false,
	"trimmed": false,
	"spriteSourceSize": {"x":0,"y":0,"w":456,"h":98},
	"sourceSize": {"w":456,"h":98},
	"pivot": {"x":0.5,"y":0.5}
},
{
	"filename": "desktop",
	"frame": {"x":789,"y":337,"w":134,"h":98},
	"rotated": false,
	"trimmed": false,
	"spriteSourceSize": {"x":0,"y":0,"w":134,"h":98},
	"sourceSize": {"w":134,"h":98},
	"pivot": {"x":0.5,"y":0.5}
},
{
	"filename": "gametuto",
	"frame": {"x":524,"y":1,"w":423,"h":173},
	"rotated": false,
	"trimmed": false,
	"spriteSourceSize": {"x":0,"y":0,"w":423,"h":173},
	"sourceSize": {"w":423,"h":173},
	"pivot": {"x":0.5,"y":0.5}
},
{
	"filename": "life_box",
	"frame": {"x":925,"y":337,"w":140,"h":55},
	"rotated": false,
	"trimmed": false,
	"spriteSourceSize": {"x":0,"y":0,"w":140,"h":55},
	"sourceSize": {"w":140,"h":55},
	"pivot": {"x":0.5,"y":0.5}
},
{
	"filename": "marco",
	"frame": {"x":524,"y":176,"w":177,"h":176},
	"rotated": false,
	"trimmed": false,
	"spriteSourceSize": {"x":0,"y":0,"w":177,"h":176},
	"sourceSize": {"w":177,"h":176},
	"pivot": {"x":0.5,"y":0.5}
},
{
	"filename": "move",
	"frame": {"x":27,"y":478,"w":24,"h":24},
	"rotated": false,
	"trimmed": false,
	"spriteSourceSize": {"x":0,"y":0,"w":24,"h":24},
	"sourceSize": {"w":24,"h":24},
	"pivot": {"x":0.5,"y":0.5}
},
{
	"filename": "movil",
	"frame": {"x":459,"y":378,"w":197,"h":123},
	"rotated": false,
	"trimmed": false,
	"spriteSourceSize": {"x":0,"y":0,"w":197,"h":123},
	"sourceSize": {"w":197,"h":123},
	"pivot": {"x":0.5,"y":0.5}
},
{
	"filename": "numFaltante",
	"frame": {"x":949,"y":1,"w":87,"h":87},
	"rotated": false,
	"trimmed": false,
	"spriteSourceSize": {"x":0,"y":0,"w":87,"h":87},
	"sourceSize": {"w":87,"h":87},
	"pivot": {"x":0.5,"y":0.5}
},
{
	"filename": "panelClear",
	"frame": {"x":703,"y":176,"w":158,"h":159},
	"rotated": false,
	"trimmed": false,
	"spriteSourceSize": {"x":0,"y":0,"w":158,"h":159},
	"sourceSize": {"w":158,"h":159},
	"pivot": {"x":0.5,"y":0.5}
},
{
	"filename": "panelDark",
	"frame": {"x":863,"y":176,"w":158,"h":159},
	"rotated": false,
	"trimmed": false,
	"spriteSourceSize": {"x":0,"y":0,"w":158,"h":159},
	"sourceSize": {"w":158,"h":159},
	"pivot": {"x":0.5,"y":0.5}
},
{
	"filename": "pergamino",
	"frame": {"x":1,"y":1,"w":521,"h":375},
	"rotated": false,
	"trimmed": false,
	"spriteSourceSize": {"x":0,"y":0,"w":521,"h":375},
	"sourceSize": {"w":521,"h":375},
	"pivot": {"x":0.5,"y":0.5}
},
{
	"filename": "star",
	"frame": {"x":949,"y":90,"w":64,"h":64},
	"rotated": false,
	"trimmed": false,
	"spriteSourceSize": {"x":0,"y":0,"w":64,"h":64},
	"sourceSize": {"w":64,"h":64},
	"pivot": {"x":0.5,"y":0.5}
},
{
	"filename": "starPart",
	"frame": {"x":825,"y":437,"w":124,"h":63},
	"rotated": false,
	"trimmed": true,
	"spriteSourceSize": {"x":0,"y":0,"w":124,"h":63},
	"sourceSize": {"w":128,"h":68},
	"pivot": {"x":0.5,"y":0.5}
},
{
	"filename": "wrong",
	"frame": {"x":1015,"y":90,"w":64,"h":64},
	"rotated": false,
	"trimmed": false,
	"spriteSourceSize": {"x":0,"y":0,"w":64,"h":64},
	"sourceSize": {"w":64,"h":64},
	"pivot": {"x":0.5,"y":0.5}
},
{
	"filename": "wrongPart",
	"frame": {"x":951,"y":430,"w":125,"h":60},
	"rotated": false,
	"trimmed": true,
	"spriteSourceSize": {"x":0,"y":1,"w":125,"h":60},
	"sourceSize": {"w":128,"h":68},
	"pivot": {"x":0.5,"y":0.5}
},
{
	"filename": "xpcoins",
	"frame": {"x":658,"y":470,"w":165,"h":41},
	"rotated": false,
	"trimmed": false,
	"spriteSourceSize": {"x":0,"y":0,"w":165,"h":41},
	"sourceSize": {"w":165,"h":41},
	"pivot": {"x":0.5,"y":0.5}
}],
"meta": {
	"app": "http://www.codeandweb.com/texturepacker",
	"version": "1.0",
	"image": "atlas.png",
	"format": "RGBA8888",
	"size": {"w":1417,"h":512},
	"scale": "1",
	"smartupdate": "$TexturePacker:SmartUpdate:98ec4065a49be00a46a19919c13ef58c:1a97ff0a608db5607b097640a7412b1f:cbce6b53f0f49e0bf15173c25c41f876$"
}
}
