{"frames": [

{
	"filename": "loading_bottom",
	"frame": {"x":1,"y":254,"w":313,"h":10},
	"rotated": false,
	"trimmed": true,
	"spriteSourceSize": {"x":2,"y":0,"w":313,"h":10},
	"sourceSize": {"w":317,"h":10},
	"pivot": {"x":0.5,"y":0.5}
},
{
	"filename": "loading_top",
	"frame": {"x":1,"y":241,"w":317,"h":11},
	"rotated": false,
	"trimmed": false,
	"spriteSourceSize": {"x":0,"y":0,"w":317,"h":11},
	"sourceSize": {"w":317,"h":11},
	"pivot": {"x":0.5,"y":0.5}
},
{
	"filename": "logo",
	"frame": {"x":1,"y":1,"w":360,"h":238},
	"rotated": false,
	"trimmed": false,
	"spriteSourceSize": {"x":0,"y":0,"w":360,"h":238},
	"sourceSize": {"w":360,"h":238},
	"pivot": {"x":0.5,"y":0.5}
}],
"meta": {
	"app": "http://www.codeandweb.com/texturepacker",
	"version": "1.0",
	"image": "atlas.png",
	"format": "RGBA8888",
	"size": {"w":362,"h":265},
	"scale": "1",
	"smartupdate": "$TexturePacker:SmartUpdate:194eef6a8180e624fe0b558d0b330fc3:79e07f0850a11190b09310e8681b50ce:cbce6b53f0f49e0bf15173c25c41f876$"
}
}
