{"skeleton":{"hash":"Am223tGvPD91IGsVXg+MX8t+ssM","spine":"3.6.51","width":258.11,"height":450.52,"images":""},"bones":[{"name":"root"},{"name":"torso1","parent":"root","length":31.27,"rotation":-89.82,"x":11.31,"y":80.94},{"name":"torso2","parent":"torso1","length":97.72,"rotation":180,"x":10.42,"y":-7.81},{"name":"arm1","parent":"torso2","length":38.27,"rotation":154.07,"x":87.41,"y":52.8,"transform":"noScale"},{"name":"arm2","parent":"torso2","length":37.78,"rotation":177.66,"x":81.27,"y":-41.58,"transform":"noScale"},{"name":"leg1","parent":"root","length":37.49,"rotation":-89.54,"x":-28.38,"y":77.6},{"name":"shin1","parent":"leg1","length":29.1,"x":38.76,"y":8.39},{"name":"foot1","parent":"shin1","length":35.07,"rotation":74.98,"x":24.44,"y":-15.79},{"name":"leg2","parent":"root","length":43.8,"rotation":-89.54,"x":22.18,"y":72.53},{"name":"shin2","parent":"leg2","length":26.93,"rotation":0.59,"x":33.51,"y":7.04},{"name":"foot2","parent":"shin2","length":29.76,"rotation":74.39,"x":24.28,"y":-6.64},{"name":"forearm1","parent":"arm1","length":42.17,"rotation":33.55,"x":41.77,"y":0.61},{"name":"forearm2","parent":"arm2","length":38.47,"rotation":29.53,"x":34.79,"y":1.29},{"name":"hand1","parent":"forearm1","length":30.05,"rotation":25.05,"x":37.66,"y":-3.15},{"name":"hand2","parent":"forearm2","length":23.46,"rotation":-10.03,"x":26.83,"y":-3.22},{"name":"head","parent":"torso2","length":143.78,"rotation":-0.25,"x":75.48,"y":18.93,"transform":"noScale"}],"slots":[{"name":"arm2","bone":"arm2","attachment":"arm2"},{"name":"forearm2","bone":"forearm2","attachment":"forearm2"},{"name":"hand2","bone":"hand2","attachment":"hand2a"},{"name":"leg2","bone":"leg2","attachment":"leg2"},{"name":"shin2","bone":"shin2","attachment":"shin2"},{"name":"foot2","bone":"foot2","attachment":"foot2a"},{"name":"leg1a","bone":"leg1","attachment":"leg1"},{"name":"shin1","bone":"shin1","attachment":"shin1"},{"name":"foot1","bone":"foot1","attachment":"foot1a"},{"name":"torso1","bone":"torso2","attachment":"torso1"},{"name":"torso2","bone":"torso1","attachment":"torso2"},{"name":"hand1","bone":"hand1","attachment":"hand1a"},{"name":"arm1","bone":"arm1","attachment":"arm1"},{"name":"forearm1","bone":"forearm1","attachment":"forearm1a"},{"name":"head","bone":"head","attachment":"head"},{"name":"eyes","bone":"head","attachment":"eyes_d2"},{"name":"mouth","bone":"head","attachment":"mouth_b1"},{"name":"particle1","bone":"head","attachment":"particle1"}],"skins":{"default":{},"normal":{"arm1":{"arm1":{"name":"normal/arm1","x":30.25,"y":-0.29,"rotation":125.23,"width":48,"height":59}},"arm2":{"arm2":{"name":"normal/arm2","x":21.51,"y":2,"rotation":80.15,"width":36,"height":52}},"eyes":{"eyes_a1":{"name":"normal/eyes_a1","x":62.53,"y":-36.1,"rotation":-89.74,"width":166,"height":57},"eyes_b1":{"name":"normal/eyes_b1","x":61.01,"y":-31.5,"rotation":-89.93,"width":166,"height":49},"eyes_c2":{"name":"normal/eyes_c2","x":70.44,"y":-36.04,"rotation":-89.74,"width":166,"height":66},"eyes_d2":{"name":"normal/eyes_d2","x":67.86,"y":-33.91,"rotation":-89.74,"width":168,"height":60},"eyes_d3":{"name":"normal/eyes_d3","x":71.9,"y":-35.79,"rotation":-89.74,"width":159,"height":72},"eyes_e2":{"name":"normal/eyes_e2","x":73.34,"y":-36,"rotation":-89.74,"width":159,"height":74},"eyes_f1":{"name":"normal/eyes_f1","x":68.07,"y":-37.03,"rotation":-89.74,"width":142,"height":80},"eyes_f2":{"name":"normal/eyes_f2","x":70.84,"y":-42.61,"rotation":-89.74,"width":166,"height":105},"eyes_h1":{"name":"normal/eyes_h1","x":69.38,"y":-37.39,"rotation":-89.74,"width":166,"height":51},"eyes_h2":{"name":"normal/eyes_h2","x":72.85,"y":-34.69,"rotation":-89.74,"width":153,"height":63},"eyes_h3":{"name":"normal/eyes_h3","x":62.27,"y":-35.84,"rotation":-89.93,"width":151,"height":53},"eyes_i1":{"name":"normal/eyes_i1","x":72.16,"y":-39.08,"rotation":-89.74,"width":160,"height":89}},"foot1":{"foot1a2":{"name":"normal/foot1_a","x":10.35,"y":-2.31,"rotation":14.56,"width":60,"height":16},"foot1a":{"name":"normal/foot1_a","x":1.1,"y":-4.71,"scaleX":-1,"rotation":14.56,"width":60,"height":16},"foot1b":{"name":"normal/foot1_b","x":1.27,"y":-3.65,"scaleX":-1,"rotation":14.56,"width":59,"height":17},"foot1b2":{"name":"normal/foot1_b","x":11.53,"y":-0.98,"rotation":14.56,"width":59,"height":17},"foot1d2":{"name":"normal/foot1_d","x":6.46,"y":-1.8,"rotation":15.51,"width":65,"height":35},"foot1d":{"name":"normal/foot1_d","x":6.46,"y":-1.8,"scaleX":-1,"rotation":15.51,"width":65,"height":35},"foot1e2":{"name":"normal/foot1_e","x":8.11,"y":-9.03,"rotation":15.51,"width":58,"height":29},"foot1e":{"name":"normal/foot1_e","x":5.13,"y":-9.86,"scaleX":-1,"rotation":15.51,"width":58,"height":29}},"foot2":{"foot2a":{"name":"normal/foot2_a","x":3.32,"y":-2.7,"rotation":15.44,"width":53,"height":14},"foot2b":{"name":"normal/foot2_b","x":4.95,"y":-0.19,"rotation":14.56,"width":53,"height":15},"foot2d":{"name":"normal/foot2_d","x":-1.94,"y":-0.26,"rotation":14.56,"width":55,"height":30},"foot2e":{"name":"normal/foot2_e","x":1.06,"y":-8.16,"rotation":14.56,"width":53,"height":26}},"forearm1":{"forearm1a":{"name":"normal/forearm1_a","x":19.63,"y":-1.79,"rotation":91.67,"width":51,"height":52},"forearm1a2":{"name":"normal/forearm1_a","x":19.63,"y":-1.79,"scaleX":-1,"rotation":58.86,"width":51,"height":52}},"forearm2":{"forearm2":{"name":"normal/forearm2_a","x":18.2,"y":0.83,"rotation":60.45,"width":49,"height":53}},"hand1":{"hand1a":{"name":"normal/hand1_a","x":10.56,"y":0.34,"rotation":68.9,"width":53,"height":42},"hand1b":{"name":"normal/hand1_b","x":8.82,"y":-0.87,"rotation":68.9,"width":49,"height":49},"hand1e":{"name":"normal/hand1_e","x":7.53,"y":1.51,"rotation":62.9,"width":65,"height":52},"hand1h":{"name":"normal/hand1_h","x":8.13,"y":2.23,"rotation":88.95,"width":44,"height":53}},"hand2":{"hand2a":{"name":"normal/hand2_a","x":10.66,"y":2.14,"rotation":61.41,"width":44,"height":28},"hand2b":{"name":"normal/hand2_b","x":16.01,"y":-0.62,"rotation":61.41,"width":42,"height":40},"hand2h":{"name":"normal/hand2_h","x":18.33,"y":3.92,"rotation":53.48,"width":53,"height":39}},"head":{"head":{"name":"normal/head","x":109.9,"y":-5.9,"rotation":-90.44,"width":256,"height":238}},"leg1a":{"leg1b":{"name":"normal/leg1","x":19.68,"y":-0.72,"rotation":90.31,"width":63,"height":72},"leg1":{"name":"normal/leg1","x":19.68,"y":-0.72,"scaleX":-1,"rotation":90.31,"width":63,"height":72}},"leg2":{"leg2":{"name":"normal/leg2","x":16.06,"y":-2.59,"rotation":89.54,"width":57,"height":65}},"mouth":{"mouth_a1":{"name":"normal/mouth_a1","x":12.24,"y":-47.71,"rotation":-89.74,"width":46,"height":11},"mouth_a3":{"name":"normal/mouth_a3","x":9.03,"y":-47.32,"rotation":-89.93,"width":54,"height":17},"mouth_a4":{"name":"normal/mouth_a4","x":11.32,"y":-45.7,"rotation":-89.74,"width":59,"height":21},"mouth_a6":{"name":"normal/mouth_a6","x":14.36,"y":-47.2,"rotation":-89.74,"width":22,"height":12},"mouth_b1":{"name":"normal/mouth_b1","x":11,"y":-42.73,"rotation":-89.74,"width":64,"height":28},"mouth_b2":{"name":"normal/mouth_b2","x":11.4,"y":-44.19,"rotation":-89.74,"width":62,"height":19},"mouth_b3":{"name":"normal/mouth_b3","x":10.42,"y":-42.25,"rotation":-89.74,"width":81,"height":24},"mouth_c3":{"name":"normal/mouth_c3","x":9.36,"y":-46.02,"rotation":-89.74,"width":25,"height":34},"mouth_d1":{"name":"normal/mouth_d1","x":10.96,"y":-41.77,"rotation":-89.74,"width":67,"height":36},"mouth_d2":{"name":"normal/mouth_d2","x":10.95,"y":-40.71,"rotation":-89.74,"width":62,"height":29},"mouth_d3":{"name":"normal/mouth_d3","x":12.41,"y":-41.76,"rotation":-89.74,"width":76,"height":33},"mouth_d4":{"name":"normal/mouth_d4","x":10.96,"y":-43.7,"rotation":-89.74,"width":61,"height":30},"mouth_d5":{"name":"normal/mouth_d5","x":12.42,"y":-45.15,"rotation":-89.74,"width":53,"height":34},"mouth_d9":{"name":"normal/mouth_d9","x":12.67,"y":-47.39,"rotation":-89.74,"width":39,"height":46}},"particle1":{"particle1":{"name":"normal/particle","x":234.09,"y":-15.3,"rotation":-89.91,"width":216,"height":144}},"shin1":{"shin1b":{"name":"normal/shin1","x":15.52,"y":-8.93,"rotation":89.54,"width":61,"height":41},"shin1":{"name":"normal/shin1","x":15.5,"y":-11.05,"scaleX":-1,"rotation":89.54,"width":61,"height":41}},"shin2":{"shin2":{"name":"normal/shin2","x":13.64,"y":-8.46,"rotation":88.95,"width":55,"height":37}},"torso1":{"torso1":{"name":"normal/torso1","x":55.74,"y":7.42,"rotation":-90,"width":114,"height":115}},"torso2":{"torso2":{"name":"normal/torso2","x":7.41,"y":-14.82,"rotation":90,"width":116,"height":42}}}},"events":{"PLAY:epicFootStep1":{},"PLAY:epicHitGround1":{},"PLAY:epicJumpGround1":{},"PLAY:epicKnockOut1":{},"PLAY:epicLandGround1":{},"PLAY:epicRockImpact2":{},"PLAY:epicRockSmash1":{},"PLAY:epicRocksLift1":{},"PLAY:epicSwordSmash1":{}},"animations":{"COMBO3":{"slots":{"arm1":{"attachment":[{"time":0,"name":"arm1"},{"time":0.9333,"name":"arm1"}]},"arm2":{"attachment":[{"time":0,"name":"arm2"},{"time":0.9333,"name":"arm2"}]},"eyes":{"attachment":[{"time":0,"name":"eyes_d2"},{"time":0.2333,"name":"eyes_h2"},{"time":0.3,"name":"eyes_e2"},{"time":0.7,"name":"eyes_h1"},{"time":0.9333,"name":"eyes_d2"}]},"foot1":{"attachment":[{"time":0,"name":"foot1a"},{"time":0.9333,"name":"foot1a"}]},"foot2":{"attachment":[{"time":0,"name":"foot2a"},{"time":0.9333,"name":"foot2a"}]},"forearm1":{"attachment":[{"time":0,"name":"forearm1a"},{"time":0.9333,"name":"forearm1a"}]},"forearm2":{"attachment":[{"time":0,"name":"forearm2"},{"time":0.9333,"name":"forearm2"}]},"hand1":{"attachment":[{"time":0,"name":"hand1a"},{"time":0.6667,"name":"hand1a"},{"time":0.9333,"name":"hand1a"}]},"hand2":{"attachment":[{"time":0,"name":"hand2a"},{"time":0.9333,"name":"hand2a"}]},"head":{"attachment":[{"time":0,"name":"head"},{"time":0.9333,"name":"head"}]},"leg2":{"attachment":[{"time":0,"name":"leg2"},{"time":0.9333,"name":"leg2"}]},"leg1a":{"attachment":[{"time":0,"name":"leg1"},{"time":0.9333,"name":"leg1"}]},"mouth":{"attachment":[{"time":0,"name":"mouth_b1"},{"time":0.3,"name":"mouth_d1"},{"time":0.7,"name":"mouth_b1"},{"time":0.9333,"name":"mouth_b1"}]},"particle1":{"attachment":[{"time":0,"name":"particle1"},{"time":0.9333,"name":"particle1"}]},"shin1":{"attachment":[{"time":0,"name":"shin1"},{"time":0.6667,"name":"shin1"},{"time":0.9333,"name":"shin1"}]},"shin2":{"attachment":[{"time":0,"name":"shin2"},{"time":0.9333,"name":"shin2"}]},"torso1":{"attachment":[{"time":0,"name":"torso1"},{"time":0.9333,"name":"torso1"}]},"torso2":{"attachment":[{"time":0,"name":"torso2"},{"time":0.9333,"name":"torso2"}]}},"bones":{"torso1":{"rotate":[{"time":0,"angle":-10.2,"curve":[0.212,-2.96,0.895,0.7]},{"time":0.3,"angle":5.94,"curve":[0.921,-0.23,0.963,0.73]},{"time":0.6667,"angle":-26.37,"curve":[0.786,0,0.681,1.26]},{"time":0.9333,"angle":-10.2}],"translate":[{"time":0,"x":-3.01,"y":-0.88,"curve":[0.617,-0.54,0.788,0.8]},{"time":0.3,"x":-3.01,"y":86.54,"curve":[0.712,-0.72,0.807,0.72]},{"time":0.6667,"x":-3.01,"y":-8.71,"curve":[0.297,-2.21,0.577,2.25]},{"time":0.9333,"x":-3.01,"y":-0.88}],"scale":[{"time":0,"x":1,"y":1,"curve":[0.733,-0.35,0.75,1]},{"time":0.3,"x":1.053,"y":1,"curve":[0.381,0.54,0.744,1]},{"time":0.6667,"x":0.87,"y":1,"curve":[0.25,0,0.75,1]},{"time":0.9333,"x":1,"y":1}]},"leg2":{"rotate":[{"time":0,"angle":32.8,"curve":[0.25,0,0.75,1]},{"time":0.3,"angle":-9.37,"curve":[0.25,0,0.75,1]},{"time":0.6667,"angle":39.45,"curve":[0.25,0,0.75,1]},{"time":0.9333,"angle":32.8}],"translate":[{"time":0,"x":1.06,"y":-6.48,"curve":[0.617,-0.54,0.788,0.8]},{"time":0.3,"x":1.06,"y":79.1,"curve":[0.712,-0.72,0.807,0.72]},{"time":0.6667,"x":3.5,"y":-14.17,"curve":[0.269,-1.55,0.577,2.25]},{"time":0.9333,"x":1.06,"y":-6.48}],"scale":[{"time":0,"x":1,"y":1}]},"hand1":{"rotate":[{"time":0,"angle":-12.35}],"translate":[{"time":0,"x":2.13,"y":1.96}],"scale":[{"time":0,"x":1,"y":1}]},"shin1":{"rotate":[{"time":0,"angle":26.27,"curve":[0.177,0.55,0.456,1.33]},{"time":0.3,"angle":32.67,"curve":[0.25,0,0.75,1]},{"time":0.6667,"angle":37.61,"curve":[0.25,0,0.75,1]},{"time":0.9333,"angle":26.27}],"translate":[{"time":0,"x":-1.05,"y":0.38,"curve":[0.56,-0.74,0.75,1]},{"time":0.3,"x":-4.41,"y":-1.98,"curve":[0.25,0,0.75,1]},{"time":0.6667,"x":-11.87,"y":-2.35,"curve":[0.25,0,0.75,1]},{"time":0.9333,"x":-1.05,"y":0.38}],"scale":[{"time":0,"x":1,"y":1}]},"head":{"rotate":[{"time":0,"angle":5.28,"curve":[0.155,0.22,0.47,1.57]},{"time":0.1667,"angle":-9.03,"curve":[0.089,0.23,0.425,1]},{"time":0.3,"angle":18.98,"curve":[0.25,0,0.75,1]},{"time":0.6667,"angle":-10.38,"curve":[0.25,0,0.75,1]},{"time":0.9333,"angle":5.28}],"translate":[{"time":0,"x":6.32,"y":-5.07,"curve":[0.25,0,0.75,1]},{"time":0.3,"x":10.13,"y":-15.76,"curve":[0.25,0,0.75,1]},{"time":0.6667,"x":-6.67,"y":-5.66,"curve":[0.25,0,0.75,1]},{"time":0.9333,"x":6.32,"y":-5.07}],"scale":[{"time":0,"x":1,"y":1}]},"hand2":{"rotate":[{"time":0,"angle":15.87}],"translate":[{"time":0,"x":4.01,"y":1.62}],"scale":[{"time":0,"x":1,"y":1}]},"shin2":{"rotate":[{"time":0,"angle":-32.59,"curve":[0.25,0,0.75,1]},{"time":0.3,"angle":-37.79,"curve":[0.25,0,0.75,1]},{"time":0.6667,"angle":-46.55,"curve":[0.25,0,0.75,1]},{"time":0.9333,"angle":-32.59}],"translate":[{"time":0,"x":2.75,"y":-0.75,"curve":[0.25,0,0.75,1]},{"time":0.6667,"x":-1.12,"y":-1.58,"curve":[0.25,0,0.75,1]},{"time":0.9333,"x":2.75,"y":-0.75}],"scale":[{"time":0,"x":1,"y":1}]},"foot2":{"rotate":[{"time":0,"angle":0,"curve":[0.25,0,0.75,1]},{"time":0.3,"angle":-16.01,"curve":[0.25,0,0.75,1]},{"time":0.6667,"angle":9.55,"curve":[0.25,0,0.75,1]},{"time":0.9333,"angle":0}],"translate":[{"time":0,"x":0,"y":0,"curve":[0.25,0,0.75,1]},{"time":0.6667,"x":-0.95,"y":1.75,"curve":[0.25,0,0.75,1]},{"time":0.9333,"x":0,"y":0}],"scale":[{"time":0,"x":1,"y":1}]},"arm2":{"rotate":[{"time":0,"angle":58.49,"curve":[0.181,0.1,0.143,1.4]},{"time":0.1667,"angle":-345.98,"curve":[0.155,0.18,0.262,1]},{"time":0.4,"angle":-252.45,"curve":[0.655,-0.17,0.809,0.94]},{"time":0.6667,"angle":1.03,"curve":[0.632,-0.34,0.826,0.92]},{"time":0.9333,"angle":58.49}],"translate":[{"time":0,"x":-2.05,"y":12.78}],"scale":[{"time":0,"x":1,"y":1}]},"leg1":{"rotate":[{"time":0,"angle":-28.72,"curve":[0.579,-0.77,0.8,0.75]},{"time":0.3,"angle":3.14,"curve":[0.25,0,0.75,1]},{"time":0.6667,"angle":-30.83,"curve":[0.25,0,0.75,1]},{"time":0.9333,"angle":-28.72}],"translate":[{"time":0,"x":-4.31,"y":-1.91,"curve":[0.617,-0.54,0.788,0.8]},{"time":0.3,"x":-4.31,"y":84.61,"curve":[0.712,-0.72,0.807,0.72]},{"time":0.6667,"x":-8.09,"y":-12.62,"curve":[0.269,-1.55,0.577,2.25]},{"time":0.9333,"x":-4.31,"y":-1.91}],"scale":[{"time":0,"x":1,"y":1}]},"arm1":{"rotate":[{"time":0,"angle":-17.4,"curve":[0.25,0,0.75,1]},{"time":0.1333,"angle":18.97,"curve":[0.59,0.24,0.802,0.91]},{"time":0.3,"angle":-53.7,"curve":[0.523,-0.63,0.667,1]},{"time":0.6667,"angle":-311.67,"curve":[0.373,-0.62,0.749,0.96]},{"time":0.9333,"angle":-17.4}],"translate":[{"time":0,"x":2.96,"y":-9.45,"curve":[0.16,0.34,0.314,1.36]},{"time":0.1333,"x":-1.2,"y":-12,"curve":[0.25,0,0.75,1]},{"time":0.3,"x":2.96,"y":-9.45,"curve":[0.831,0,0.812,0.9]},{"time":0.6667,"x":-9.61,"y":-16.75}],"scale":[{"time":0,"x":1,"y":1}]},"torso2":{"rotate":[{"time":0,"angle":-1.79,"curve":[0.309,-1.46,0.845,0.42]},{"time":0.3333,"angle":-352.58,"curve":[0.835,-0.2,0.902,0.87]},{"time":0.7,"angle":-7.94,"curve":[0.506,-0.4,0.748,1.47]},{"time":0.9333,"angle":-1.79}],"translate":[{"time":0,"x":0,"y":0}],"scale":[{"time":0,"x":1,"y":1}]},"forearm2":{"rotate":[{"time":0,"angle":17.01,"curve":[0.181,0.1,0.143,1.4]},{"time":0.1667,"angle":42.02,"curve":[0.155,0.18,0.262,1]},{"time":0.4,"angle":-5.96,"curve":[0.655,-0.17,0.809,0.94]},{"time":0.6667,"angle":23.86,"curve":[0.632,-0.34,0.826,0.92]},{"time":0.9333,"angle":17.01}],"translate":[{"time":0,"x":-1.34,"y":-2.65}],"scale":[{"time":0,"x":1,"y":1}]},"forearm1":{"rotate":[{"time":0,"angle":108.03,"curve":[0.25,0,0.75,1]},{"time":0.1333,"angle":67.63,"curve":[0.59,0.24,0.802,0.91]},{"time":0.3,"angle":32.57,"curve":[0.511,-0.49,0.89,0.85]},{"time":0.6667,"angle":36.71,"curve":[0.781,-0.93,0.818,0.91]},{"time":0.9333,"angle":108.03}],"translate":[{"time":0,"x":9.01,"y":-3.07,"curve":"stepped"},{"time":0.3,"x":9.01,"y":-3.07,"curve":[0.25,0,0.75,1]},{"time":0.6667,"x":0.02,"y":-4.46,"curve":[0.25,0,0.75,1]},{"time":0.9333,"x":9.01,"y":-3.07}],"scale":[{"time":0,"x":1,"y":1}]},"foot1":{"rotate":[{"time":0,"angle":2.38,"curve":[0.56,-0.74,0.75,1]},{"time":0.3,"angle":8.95,"curve":[0.25,0,0.75,1]},{"time":0.6667,"angle":-7.02,"curve":[0.25,0,0.75,1]},{"time":0.9333,"angle":2.38}],"translate":[{"time":0,"x":1.53,"y":2.1,"curve":[0.25,0,0.75,1]},{"time":0.6667,"x":-1.13,"y":1.17,"curve":[0.25,0,0.75,1]},{"time":0.9333,"x":1.53,"y":2.1}],"scale":[{"time":0,"x":1,"y":1}]}},"drawOrder":[{"time":0,"offsets":[{"slot":"hand1","offset":4},{"slot":"forearm1","offset":3}]},{"time":0.6667,"offsets":[{"slot":"hand1","offset":4},{"slot":"forearm1","offset":3}]},{"time":0.9333,"offsets":[{"slot":"hand1","offset":4},{"slot":"forearm1","offset":3}]}],"events":[{"time":0.2333,"name":"PLAY:epicJumpGround1"},{"time":0.7,"name":"PLAY:epicLandGround1"}]},"DESPERATE":{"slots":{"arm1":{"attachment":[{"time":0,"name":"arm1"}]},"arm2":{"attachment":[{"time":0,"name":"arm2"}]},"eyes":{"attachment":[{"time":0,"name":"eyes_f1"}]},"foot1":{"attachment":[{"time":0,"name":"foot1a"}]},"foot2":{"attachment":[{"time":0,"name":"foot2a"}]},"forearm1":{"attachment":[{"time":0,"name":"forearm1a2"}]},"forearm2":{"attachment":[{"time":0,"name":"forearm2"}]},"hand1":{"attachment":[{"time":0,"name":"hand1e"}]},"hand2":{"attachment":[{"time":0,"name":"hand2h"}]},"head":{"attachment":[{"time":0,"name":"head"}]},"leg2":{"attachment":[{"time":0,"name":"leg2"}]},"leg1a":{"attachment":[{"time":0,"name":"leg1"}]},"mouth":{"attachment":[{"time":0,"name":"mouth_b3"}]},"particle1":{"attachment":[{"time":0,"name":"particle1"}]},"shin1":{"attachment":[{"time":0,"name":"shin1"}]},"shin2":{"attachment":[{"time":0,"name":"shin2"}]},"torso1":{"attachment":[{"time":0,"name":"torso1"}]},"torso2":{"attachment":[{"time":0,"name":"torso2"}]}},"bones":{"forearm1":{"rotate":[{"time":0,"angle":-192.84,"curve":[0.397,-0.34,0.765,0.94]},{"time":0.1667,"angle":-133.48,"curve":[0.397,-0.34,0.765,0.94]},{"time":0.3667,"angle":-192.84,"curve":[0.397,-0.34,0.765,0.94]},{"time":0.5333,"angle":-133.48,"curve":[0.397,-0.34,0.765,0.94]},{"time":0.7,"angle":-192.84}],"translate":[{"time":0,"x":7.26,"y":10.59}],"scale":[{"time":0,"x":1,"y":1}]},"foot1":{"rotate":[{"time":0,"angle":-1.41,"curve":[0.302,-0.51,0.605,1.46]},{"time":0.3333,"angle":8.04,"curve":[0.378,-0.2,0.558,0.88]},{"time":0.7,"angle":-1.41}],"translate":[{"time":0,"x":1.53,"y":2.1}],"scale":[{"time":0,"x":1,"y":1}]},"shin2":{"rotate":[{"time":0,"angle":-1.64,"curve":[0.653,0,0.75,1]},{"time":0.3333,"angle":-33.69,"curve":[0.539,-0.01,0.077,1.52]},{"time":0.7,"angle":-1.64}],"translate":[{"time":0,"x":0.36,"y":0.31}],"scale":[{"time":0,"x":1,"y":1}]},"head":{"rotate":[{"time":0,"angle":-1.48,"curve":[0.231,0.23,0.655,1.52]},{"time":0.3667,"angle":11.98,"curve":[0.231,0.23,0.655,1.52]},{"time":0.7,"angle":-1.48}],"translate":[{"time":0,"x":6.32,"y":-5.07,"curve":[0.84,0,0.831,0.9]},{"time":0.2,"x":10.1,"y":-4.4,"curve":[0.466,-0.97,0.812,0.8]},{"time":0.3667,"x":6.32,"y":-5.07,"curve":[0.84,0,0.831,0.9]},{"time":0.5667,"x":10.1,"y":-4.4,"curve":[0.466,-0.97,0.812,0.8]},{"time":0.7,"x":6.32,"y":-5.07}],"scale":[{"time":0,"x":1,"y":1}]},"forearm2":{"rotate":[{"time":0,"angle":73.17,"curve":[0.456,-0.73,0.845,0.88]},{"time":0.3667,"angle":38.66,"curve":[0.456,-0.73,0.845,0.88]},{"time":0.7,"angle":73.17}],"translate":[{"time":0,"x":-1.34,"y":-2.65}],"scale":[{"time":0,"x":1,"y":1}]},"arm1":{"rotate":[{"time":0,"angle":-9.57,"curve":[0.25,0,0.75,1]},{"time":0.3667,"angle":-25.73,"curve":[0.25,0,0.75,1]},{"time":0.7,"angle":-9.57}],"translate":[{"time":0,"x":-5.11,"y":-9.45,"curve":[0.767,-0.36,0.859,0.89]},{"time":0.1667,"x":0.91,"y":-9.45,"curve":[0.25,-0.86,0.883,0.65]},{"time":0.3667,"x":-5.11,"y":-9.45,"curve":[0.767,-0.36,0.859,0.89]},{"time":0.5333,"x":0.91,"y":-9.45,"curve":[0.25,-0.86,0.883,0.65]},{"time":0.7,"x":-5.11,"y":-9.45}],"scale":[{"time":0,"x":1,"y":1}]},"leg1":{"rotate":[{"time":0,"angle":-28.72,"curve":[0.717,-0.19,0.527,1.2]},{"time":0.3333,"angle":-71.31,"curve":[0.539,-0.41,0.558,0.88]},{"time":0.7,"angle":-28.72}],"translate":[{"time":0,"x":-4.31,"y":-1.91,"curve":[0.252,0,0.622,0.48]},{"time":0.1667,"x":3.77,"y":7.4,"curve":[0.372,0.48,0.752,1]},{"time":0.3333,"x":13.41,"y":3.71,"curve":[0.248,0,0.628,0.52]},{"time":0.5333,"x":3.77,"y":29.58,"curve":[0.378,0.52,0.748,1]},{"time":0.7,"x":-4.31,"y":-1.91}],"scale":[{"time":0,"x":1,"y":1}]},"hand2":{"rotate":[{"time":0,"angle":15.87}],"translate":[{"time":0,"x":4.01,"y":1.62}],"scale":[{"time":0,"x":1,"y":1}]},"torso2":{"rotate":[{"time":0,"angle":-1.79}],"translate":[{"time":0,"x":0,"y":0}],"scale":[{"time":0,"x":0.883,"y":1,"curve":[0.847,0,0.852,0.85]},{"time":0.1667,"x":1,"y":1,"curve":[0.575,-0.17,0.463,1]},{"time":0.3333,"x":0.883,"y":1,"curve":[0.847,0,0.852,0.85]},{"time":0.5333,"x":1,"y":1,"curve":[0.575,-0.17,0.463,1]},{"time":0.7,"x":0.883,"y":1}]},"foot2":{"rotate":[{"time":0,"angle":-9.2,"curve":[0.404,-0.38,0.75,1]},{"time":0.3333,"angle":2.24,"curve":[0.25,0,0.75,1]},{"time":0.7,"angle":-9.2}],"translate":[{"time":0,"x":0,"y":0}],"scale":[{"time":0,"x":1,"y":1}]},"shin1":{"rotate":[{"time":0,"angle":26.27,"curve":[0.717,-0.19,0.319,1.44]},{"time":0.3333,"angle":1.43,"curve":[0.755,-0.48,0.75,0.78]},{"time":0.7,"angle":26.27}],"translate":[{"time":0,"x":-1.05,"y":0.38}],"scale":[{"time":0,"x":1,"y":1}]},"arm2":{"rotate":[{"time":0,"angle":-330.4}],"translate":[{"time":0,"x":-2.05,"y":12.78}],"scale":[{"time":0,"x":1,"y":1}]},"leg2":{"rotate":[{"time":0,"angle":68.43,"curve":[0.404,-0.38,0.75,1]},{"time":0.3333,"angle":31.57,"curve":[0.937,-0.34,0.534,1.32]},{"time":0.7,"angle":68.43}],"translate":[{"time":0,"x":2.29,"y":2.76,"curve":[0.25,0,0.75,1]},{"time":0.2,"x":6.67,"y":13.96,"curve":[0.342,0.1,0.485,1]},{"time":0.3333,"x":14.43,"y":-10.43,"curve":[0.726,-0.36,0.854,0.84]},{"time":0.5333,"x":8.36,"y":15.32,"curve":[0.205,0.07,0.577,1.39]},{"time":0.7,"x":2.29,"y":2.76}],"scale":[{"time":0,"x":1,"y":1}]},"hand1":{"rotate":[{"time":0,"angle":-59.62,"curve":[0.219,0.13,0.646,1.39]},{"time":0.1667,"angle":-27.25,"curve":[0.219,0.13,0.646,1.39]},{"time":0.3667,"angle":-59.62,"curve":[0.219,0.13,0.646,1.39]},{"time":0.5333,"angle":-27.25,"curve":[0.219,0.13,0.646,1.39]},{"time":0.7,"angle":-59.62}],"translate":[{"time":0,"x":2.15,"y":-13.08}],"scale":[{"time":0,"x":1,"y":1}]},"torso1":{"rotate":[{"time":0,"angle":10,"curve":[0.579,-0.6,0.866,0.85]},{"time":0.3667,"angle":-19.97,"curve":[0.579,-0.6,0.866,0.85]},{"time":0.7,"angle":10}],"translate":[{"time":0,"x":-7.74,"y":-0.88,"curve":[0.318,-0.42,0.78,0.5]},{"time":0.2,"x":-1.53,"y":16.87,"curve":[0.481,0.18,0.876,1.51]},{"time":0.3667,"x":13.74,"y":-0.88,"curve":[0.318,-0.42,0.78,0.5]},{"time":0.5333,"x":7.53,"y":20.6,"curve":[0.344,0.34,0.876,1.51]},{"time":0.7,"x":-7.74,"y":-0.88}],"scale":[{"time":0,"x":0.95,"y":1,"curve":[0.764,-0.01,0.819,0.88]},{"time":0.2,"x":1,"y":1,"curve":[0.43,-0.76,0.828,0.85]},{"time":0.3667,"x":0.95,"y":1,"curve":[0.764,-0.01,0.819,0.88]},{"time":0.5667,"x":1,"y":1,"curve":[0.43,-0.76,0.828,0.85]},{"time":0.7,"x":0.95,"y":1}]}},"drawOrder":[{"time":0,"offsets":[{"slot":"foot2","offset":5},{"slot":"foot1","offset":1},{"slot":"hand1","offset":4},{"slot":"forearm1","offset":3}]},{"time":0.7,"offsets":[{"slot":"foot2","offset":5},{"slot":"foot1","offset":1},{"slot":"hand1","offset":4},{"slot":"forearm1","offset":3}]}],"events":[{"time":0,"name":"PLAY:epicFootStep1"},{"time":0.3333,"name":"PLAY:epicFootStep1"}]},"IDLE":{"slots":{"arm1":{"attachment":[{"time":0,"name":"arm1"},{"time":2,"name":"arm1"}]},"arm2":{"attachment":[{"time":0,"name":"arm2"},{"time":2,"name":"arm2"}]},"eyes":{"attachment":[{"time":0,"name":"eyes_d2"},{"time":0.1667,"name":"eyes_h1"},{"time":0.3333,"name":"eyes_d2"},{"time":0.9667,"name":"eyes_d2"},{"time":2,"name":"eyes_d2"}]},"foot1":{"attachment":[{"time":0,"name":"foot1a"},{"time":0.9667,"name":"foot1a"},{"time":2,"name":"foot1a"}]},"foot2":{"attachment":[{"time":0,"name":"foot2a"},{"time":0.9667,"name":"foot2a"},{"time":2,"name":"foot2a"}]},"forearm1":{"attachment":[{"time":0,"name":"forearm1a"},{"time":2,"name":"forearm1a"}]},"forearm2":{"attachment":[{"time":0,"name":"forearm2"},{"time":2,"name":"forearm2"}]},"hand1":{"attachment":[{"time":0,"name":"hand1a"},{"time":2,"name":"hand1a"}]},"hand2":{"attachment":[{"time":0,"name":"hand2a"},{"time":2,"name":"hand2a"}]},"head":{"attachment":[{"time":0,"name":"head"},{"time":2,"name":"head"}]},"leg2":{"attachment":[{"time":0,"name":"leg2"},{"time":0.9667,"name":"leg2"},{"time":2,"name":"leg2"}]},"leg1a":{"attachment":[{"time":0,"name":"leg1"},{"time":0.9667,"name":"leg1"},{"time":2,"name":"leg1"}]},"mouth":{"attachment":[{"time":0,"name":"mouth_b1"},{"time":1.7,"name":"mouth_d2"},{"time":2,"name":"mouth_b1"}]},"particle1":{"attachment":[{"time":0,"name":"particle1"},{"time":2,"name":"particle1"}]},"shin1":{"attachment":[{"time":0,"name":"shin1"},{"time":0.9667,"name":"shin1"},{"time":2,"name":"shin1"}]},"shin2":{"attachment":[{"time":0,"name":"shin2"},{"time":0.9667,"name":"shin2"},{"time":2,"name":"shin2"}]},"torso1":{"attachment":[{"time":0,"name":"torso1"},{"time":2,"name":"torso1"}]},"torso2":{"attachment":[{"time":0,"name":"torso2"},{"time":2,"name":"torso2"}]}},"bones":{"arm1":{"rotate":[{"time":0,"angle":-17.4,"curve":[0.132,0.2,0.712,1.42]},{"time":0.5,"angle":57.06,"curve":[0.132,0.2,0.712,1.42]},{"time":0.9667,"angle":-17.4,"curve":[0.132,0.2,0.712,1.42]},{"time":1.4667,"angle":57.06,"curve":[0.132,0.2,0.712,1.42]},{"time":2,"angle":-17.4}],"translate":[{"time":0,"x":2.96,"y":-9.45,"curve":[0.373,-0.58,0.852,0.8]},{"time":0.5,"x":0.03,"y":-5.04,"curve":[0.373,-0.58,0.852,0.8]},{"time":0.9667,"x":2.96,"y":-9.45,"curve":[0.373,-0.58,0.852,0.8]},{"time":1.4667,"x":0.03,"y":-5.04,"curve":[0.373,-0.58,0.852,0.8]},{"time":2,"x":2.96,"y":-9.45}],"scale":[{"time":0,"x":1,"y":1}]},"arm2":{"rotate":[{"time":0,"angle":58.49,"curve":[0.255,0.06,0.7,1.25]},{"time":0.5,"angle":-46.2,"curve":[0.255,0.06,0.7,1.25]},{"time":0.9667,"angle":-298.66,"curve":[0.255,0.06,0.7,1.25]},{"time":1.4333,"angle":289.23,"curve":[0.255,0.06,0.7,1.25]},{"time":2,"angle":-301.5}],"translate":[{"time":0,"x":-2.05,"y":12.78}],"scale":[{"time":0,"x":1,"y":1}]},"head":{"rotate":[{"time":0,"angle":5.28,"curve":[0.407,0,0.65,1]},{"time":0.5333,"angle":-3.98,"curve":[0.407,0,0.65,1]},{"time":1.0333,"angle":5.28,"curve":[0.407,0,0.65,1]},{"time":1.5,"angle":-3.98,"curve":[0.407,0,0.65,1]},{"time":2,"angle":5.28}],"translate":[{"time":0,"x":6.32,"y":-5.07}],"scale":[{"time":0,"x":1,"y":1}]},"foot1":{"rotate":[{"time":0,"angle":2.38,"curve":[0.885,-0.05,0.897,0.92]},{"time":0.5,"angle":-3.23,"curve":[0.414,-1.37,0.814,0.69]},{"time":0.9667,"angle":2.38,"curve":[0.885,-0.05,0.897,0.92]},{"time":1.4667,"angle":-3.23,"curve":[0.414,-1.37,0.814,0.69]},{"time":2,"angle":2.38}],"translate":[{"time":0,"x":1.53,"y":2.1,"curve":[0.25,0,0.75,1]},{"time":0.5,"x":0.75,"y":2.07,"curve":[0.25,0,0.75,1]},{"time":0.9667,"x":1.53,"y":2.1,"curve":[0.25,0,0.75,1]},{"time":1.4667,"x":0.75,"y":2.07,"curve":[0.25,0,0.75,1]},{"time":2,"x":1.53,"y":2.1}],"scale":[{"time":0,"x":1,"y":1}]},"foot2":{"rotate":[{"time":0,"angle":0,"curve":[0.885,-0.05,0.897,0.92]},{"time":0.5,"angle":1.71,"curve":[0.414,-1.37,0.814,0.69]},{"time":0.9667,"angle":0,"curve":[0.885,-0.05,0.897,0.92]},{"time":1.4667,"angle":1.71,"curve":[0.414,-1.37,0.814,0.69]},{"time":2,"angle":0}],"translate":[{"time":0,"x":0,"y":0}],"scale":[{"time":0,"x":1,"y":1}]},"forearm1":{"rotate":[{"time":0,"angle":108.03,"curve":"stepped"},{"time":0.1,"angle":108.03,"curve":[0.402,0,0.611,1]},{"time":0.5667,"angle":48.48,"curve":[0.402,0,0.611,1]},{"time":1.1,"angle":108.03,"curve":[0.402,0,0.611,1]},{"time":1.5667,"angle":48.48,"curve":[0.402,0,0.611,1]},{"time":2,"angle":108.03}],"translate":[{"time":0,"x":9.01,"y":-3.07,"curve":"stepped"},{"time":0.1,"x":9.01,"y":-3.07,"curve":[0.402,0,0.611,1]},{"time":0.5667,"x":5.31,"y":-9,"curve":[0.402,0,0.611,1]},{"time":1.1,"x":9.01,"y":-3.07,"curve":[0.402,0,0.611,1]},{"time":1.5667,"x":5.31,"y":-9,"curve":[0.402,0,0.611,1]},{"time":2,"x":9.01,"y":-3.07}],"scale":[{"time":0,"x":1,"y":1}]},"forearm2":{"rotate":[{"time":0,"angle":17.01,"curve":[0.25,0,0.75,1]},{"time":0.5667,"angle":116.7,"curve":[0.25,0,0.75,1]},{"time":1.0667,"angle":17.01,"curve":[0.25,0,0.75,1]},{"time":1.5333,"angle":124.91,"curve":[0.25,0,0.75,1]},{"time":2,"angle":17.01}],"translate":[{"time":0,"x":-1.34,"y":-2.65}],"scale":[{"time":0,"x":1,"y":1}]},"hand1":{"rotate":[{"time":0,"angle":-12.35}],"translate":[{"time":0,"x":2.13,"y":1.96}],"scale":[{"time":0,"x":1,"y":1}]},"hand2":{"rotate":[{"time":0,"angle":15.87}],"translate":[{"time":0,"x":4.01,"y":1.62}],"scale":[{"time":0,"x":1,"y":1}]},"leg2":{"rotate":[{"time":0,"angle":32.8,"curve":[0.25,0,0.75,1]},{"time":0.5,"angle":18.94,"curve":[0.25,0,0.75,1]},{"time":0.9667,"angle":32.8,"curve":[0.25,0,0.75,1]},{"time":1.4667,"angle":18.94,"curve":[0.25,0,0.75,1]},{"time":2,"angle":32.8}],"translate":[{"time":0,"x":1.06,"y":-6.48,"curve":[0.442,-0.11,0.726,1]},{"time":0.5,"x":0.9,"y":-2.89,"curve":[0.442,-0.11,0.726,1]},{"time":0.9667,"x":1.06,"y":-6.48,"curve":[0.442,-0.11,0.726,1]},{"time":1.4667,"x":0.9,"y":-2.89,"curve":[0.442,-0.11,0.726,1]},{"time":2,"x":1.06,"y":-6.48}],"scale":[{"time":0,"x":1,"y":1}]},"leg1":{"rotate":[{"time":0,"angle":-28.72,"curve":[0.25,0,0.75,1]},{"time":0.5,"angle":-15.58,"curve":[0.25,0,0.75,1]},{"time":0.9667,"angle":-28.72,"curve":[0.25,0,0.75,1]},{"time":1.4667,"angle":-15.58,"curve":[0.25,0,0.75,1]},{"time":2,"angle":-28.72}],"translate":[{"time":0,"x":-4.31,"y":-1.91,"curve":[0.442,-0.11,0.726,1]},{"time":0.5,"x":-7.49,"y":5.49,"curve":[0.442,-0.11,0.726,1]},{"time":0.9667,"x":-4.31,"y":-1.91,"curve":[0.442,-0.11,0.726,1]},{"time":1.4667,"x":-7.49,"y":5.49,"curve":[0.442,-0.11,0.726,1]},{"time":2,"x":-4.31,"y":-1.91}],"scale":[{"time":0,"x":1,"y":1}]},"shin1":{"rotate":[{"time":0,"angle":26.27,"curve":[0.25,0,0.75,1]},{"time":0.5,"angle":7.06,"curve":[0.25,0,0.75,1]},{"time":0.9667,"angle":26.27,"curve":[0.25,0,0.75,1]},{"time":1.4667,"angle":7.06,"curve":[0.25,0,0.75,1]},{"time":2,"angle":26.27}],"translate":[{"time":0,"x":-1.05,"y":0.38,"curve":[0.25,0,0.75,1]},{"time":0.5,"x":6.33,"y":1.31,"curve":[0.25,0,0.75,1]},{"time":0.9667,"x":-1.05,"y":0.38,"curve":[0.25,0,0.75,1]},{"time":1.4667,"x":6.33,"y":1.31,"curve":[0.25,0,0.75,1]},{"time":2,"x":-1.05,"y":0.38}],"scale":[{"time":0,"x":1,"y":1}]},"shin2":{"rotate":[{"time":0,"angle":-32.59,"curve":[0.25,0,0.75,1]},{"time":0.5,"angle":-7.73,"curve":[0.25,0,0.75,1]},{"time":0.9667,"angle":-32.59,"curve":[0.25,0,0.75,1]},{"time":1.4667,"angle":-7.73,"curve":[0.25,0,0.75,1]},{"time":2,"angle":-32.59}],"translate":[{"time":0,"x":2.75,"y":-0.75,"curve":[0.25,0,0.75,1]},{"time":0.5,"x":2.33,"y":0.56,"curve":[0.25,0,0.75,1]},{"time":0.9667,"x":2.75,"y":-0.75,"curve":[0.25,0,0.75,1]},{"time":1.4667,"x":2.33,"y":0.56,"curve":[0.25,0,0.75,1]},{"time":2,"x":2.75,"y":-0.75}],"scale":[{"time":0,"x":1,"y":1}]},"torso2":{"rotate":[{"time":0,"angle":-1.79,"curve":[0.25,0,0.75,1]},{"time":0.5,"angle":-7.84,"curve":[0.25,0,0.75,1]},{"time":0.9667,"angle":-1.79,"curve":[0.25,0,0.75,1]},{"time":1.4667,"angle":-7.84,"curve":[0.25,0,0.75,1]},{"time":2,"angle":-1.79}],"translate":[{"time":0,"x":0,"y":0}],"scale":[{"time":0,"x":1,"y":1}]},"torso1":{"rotate":[{"time":0,"angle":-10.2}],"translate":[{"time":0,"x":-3.01,"y":-0.88,"curve":[0.442,-0.11,0.726,1]},{"time":0.5,"x":-3.73,"y":13.04,"curve":[0.442,-0.11,0.726,1]},{"time":0.9667,"x":-3.01,"y":-0.88,"curve":[0.442,-0.11,0.726,1]},{"time":1.4667,"x":-3.73,"y":13.04,"curve":[0.442,-0.11,0.726,1]},{"time":2,"x":-3.01,"y":-0.88}],"scale":[{"time":0,"x":1,"y":1}]}},"drawOrder":[{"time":0,"offsets":[{"slot":"hand1","offset":4},{"slot":"forearm1","offset":3}]},{"time":0.9667,"offsets":[{"slot":"hand1","offset":4},{"slot":"forearm1","offset":3}]},{"time":1.1,"offsets":[{"slot":"hand1","offset":4},{"slot":"forearm1","offset":3}]},{"time":2,"offsets":[{"slot":"hand1","offset":4},{"slot":"forearm1","offset":3}]}]},"LOSE":{"slots":{"arm1":{"attachment":[{"time":0,"name":"arm1"},{"time":2.6667,"name":"arm1"}]},"arm2":{"attachment":[{"time":0,"name":"arm2"},{"time":2.6667,"name":"arm2"}]},"eyes":{"attachment":[{"time":0,"name":"eyes_d2"},{"time":1.0667,"name":"eyes_h3"},{"time":1.1667,"name":"eyes_b1"},{"time":2,"name":"eyes_h3"},{"time":2.1,"name":"eyes_d2"},{"time":2.6667,"name":"eyes_d2"}]},"foot1":{"attachment":[{"time":0,"name":"foot1a"},{"time":2.6667,"name":"foot1a"}]},"foot2":{"attachment":[{"time":0,"name":"foot2a"},{"time":2.6667,"name":"foot2a"}]},"forearm1":{"attachment":[{"time":0,"name":"forearm1a"},{"time":1.3333,"name":"forearm1a"},{"time":2.6667,"name":"forearm1a"}]},"forearm2":{"attachment":[{"time":0,"name":"forearm2"},{"time":2.6667,"name":"forearm2"}]},"hand1":{"attachment":[{"time":0,"name":"hand1a"},{"time":2.6667,"name":"hand1a"}]},"hand2":{"attachment":[{"time":0,"name":"hand2a"},{"time":2.6667,"name":"hand2a"}]},"head":{"attachment":[{"time":0,"name":"head"},{"time":2.6667,"name":"head"}]},"leg2":{"attachment":[{"time":0,"name":"leg2"},{"time":2.6667,"name":"leg2"}]},"leg1a":{"attachment":[{"time":0,"name":"leg1"},{"time":2.6667,"name":"leg1"}]},"mouth":{"attachment":[{"time":0,"name":"mouth_b3"},{"time":1,"name":"mouth_a3"},{"time":2.1333,"name":"mouth_b3"},{"time":2.6667,"name":"mouth_b3"}]},"particle1":{"attachment":[{"time":0,"name":"particle1"},{"time":2.6667,"name":"particle1"}]},"shin1":{"attachment":[{"time":0,"name":"shin1"},{"time":2.6667,"name":"shin1"}]},"shin2":{"attachment":[{"time":0,"name":"shin2"},{"time":2.6667,"name":"shin2"}]},"torso1":{"attachment":[{"time":0,"name":"torso1"},{"time":2.6667,"name":"torso1"}]},"torso2":{"attachment":[{"time":0,"name":"torso2"},{"time":2.6667,"name":"torso2"}]}},"bones":{"forearm1":{"rotate":[{"time":0,"angle":36.39,"curve":[0.518,0,0.75,1]},{"time":0.7,"angle":45.77,"curve":[0.518,0,0.75,1]},{"time":1.3667,"angle":36.39,"curve":[0.518,0,0.75,1]},{"time":2.0333,"angle":45.77,"curve":[0.518,0,0.75,1]},{"time":2.6667,"angle":36.39}],"translate":[{"time":0,"x":2.29,"y":-6.34}],"scale":[{"time":0,"x":1,"y":1}]},"torso1":{"rotate":[{"time":0,"angle":0}],"translate":[{"time":0,"x":0,"y":0,"curve":[0.752,-0.17,0.79,0.95]},{"time":0.6667,"x":0,"y":-4.56,"curve":[0.752,-0.17,0.79,0.95]},{"time":1.3333,"x":0,"y":0,"curve":[0.752,-0.17,0.79,0.95]},{"time":2,"x":0,"y":-4.56,"curve":[0.752,-0.17,0.79,0.95]},{"time":2.6667,"x":0,"y":0}],"scale":[{"time":0,"x":1,"y":1}]},"torso2":{"rotate":[{"time":0,"angle":-9.55}],"translate":[{"time":0,"x":0.96,"y":-1.93}],"scale":[{"time":0,"x":1,"y":1,"curve":[0.25,0,0.499,1]},{"time":0.6667,"x":0.981,"y":1,"curve":[0.25,0,0.499,1]},{"time":1.3333,"x":1,"y":1,"curve":[0.25,0,0.499,1]},{"time":2,"x":0.981,"y":1,"curve":[0.25,0,0.499,1]},{"time":2.6667,"x":1,"y":1}]},"arm1":{"rotate":[{"time":0,"angle":-20.26,"curve":[0.518,0,0.75,1]},{"time":0.7,"angle":-25.8,"curve":[0.518,0,0.75,1]},{"time":1.3667,"angle":-20.26,"curve":[0.518,0,0.75,1]},{"time":2.0333,"angle":-25.8,"curve":[0.518,0,0.75,1]},{"time":2.6667,"angle":-20.26}],"translate":[{"time":0,"x":0,"y":0}],"scale":[{"time":0,"x":1,"y":1}]},"arm2":{"rotate":[{"time":0,"angle":-241.88,"curve":[0.361,-0.4,0.79,0.93]},{"time":0.3333,"angle":-261.61,"curve":[0.361,-0.4,0.79,0.93]},{"time":0.6667,"angle":-241.88,"curve":[0.361,-0.4,0.79,0.93]},{"time":1,"angle":-261.61,"curve":[0.361,-0.4,0.79,0.93]},{"time":1.3333,"angle":-241.88,"curve":[0.361,-0.4,0.79,0.93]},{"time":1.6667,"angle":-261.61,"curve":[0.361,-0.4,0.79,0.93]},{"time":2,"angle":-241.88,"curve":[0.361,-0.4,0.79,0.93]},{"time":2.3333,"angle":-261.61,"curve":[0.361,-0.4,0.79,0.93]},{"time":2.6667,"angle":-241.88}],"translate":[{"time":0,"x":0,"y":0}],"scale":[{"time":0,"x":1,"y":1}]},"leg1":{"rotate":[{"time":0,"angle":0,"curve":[0.586,0,0.62,1]},{"time":0.6667,"angle":-7.02,"curve":[0.586,0,0.62,1]},{"time":1.3333,"angle":0,"curve":[0.586,0,0.62,1]},{"time":2,"angle":-7.02,"curve":[0.586,0,0.62,1]},{"time":2.6667,"angle":0}],"translate":[{"time":0,"x":0,"y":0}],"scale":[{"time":0,"x":1,"y":1}]},"shin1":{"rotate":[{"time":0,"angle":0,"curve":[0.586,0,0.62,1]},{"time":0.6667,"angle":16.32,"curve":[0.586,0,0.62,1]},{"time":1.3333,"angle":0,"curve":[0.586,0,0.62,1]},{"time":2,"angle":16.32,"curve":[0.586,0,0.62,1]},{"time":2.6667,"angle":0}],"translate":[{"time":0,"x":0,"y":0}],"scale":[{"time":0,"x":1,"y":1}]},"foot1":{"rotate":[{"time":0,"angle":0,"curve":[0.586,0,0.62,1]},{"time":0.6667,"angle":-8.43,"curve":[0.586,0,0.62,1]},{"time":1.3333,"angle":0,"curve":[0.586,0,0.62,1]},{"time":2,"angle":-8.43,"curve":[0.586,0,0.62,1]},{"time":2.6667,"angle":0}],"translate":[{"time":0,"x":0,"y":0,"curve":[0.25,0,0.75,1]},{"time":0.6667,"x":-1.39,"y":0.29,"curve":[0.25,0,0.75,1]},{"time":1.3333,"x":0,"y":0,"curve":[0.25,0,0.75,1]},{"time":2,"x":-1.39,"y":0.29,"curve":[0.25,0,0.75,1]},{"time":2.6667,"x":0,"y":0}],"scale":[{"time":0,"x":1,"y":1}]},"leg2":{"rotate":[{"time":0,"angle":0,"curve":[0.627,0,0.496,1]},{"time":0.6667,"angle":8.84,"curve":[0.627,0,0.496,1]},{"time":1.3333,"angle":0,"curve":[0.627,0,0.496,1]},{"time":2,"angle":8.84,"curve":[0.627,0,0.496,1]},{"time":2.6667,"angle":0}],"translate":[{"time":0,"x":0,"y":0}],"scale":[{"time":0,"x":1,"y":1}]},"shin2":{"rotate":[{"time":0,"angle":0,"curve":[0.627,0,0.496,1]},{"time":0.6667,"angle":-17.6,"curve":[0.627,0,0.496,1]},{"time":1.3333,"angle":0,"curve":[0.627,0,0.496,1]},{"time":2,"angle":-17.6,"curve":[0.627,0,0.496,1]},{"time":2.6667,"angle":0}],"translate":[{"time":0,"x":0,"y":0}],"scale":[{"time":0,"x":1,"y":1}]},"foot2":{"rotate":[{"time":0,"angle":0,"curve":[0.627,0,0.496,1]},{"time":0.6667,"angle":3.6,"curve":[0.627,0,0.496,1]},{"time":1.3333,"angle":0,"curve":[0.627,0,0.496,1]},{"time":2,"angle":3.6,"curve":[0.627,0,0.496,1]},{"time":2.6667,"angle":0}],"translate":[{"time":0,"x":0,"y":0}],"scale":[{"time":0,"x":1,"y":1}]},"forearm2":{"rotate":[{"time":0,"angle":47.63,"curve":[0.25,0,0.75,1]},{"time":0.3333,"angle":73.09,"curve":[0.25,0,0.75,1]},{"time":0.6667,"angle":47.63,"curve":[0.25,0,0.75,1]},{"time":1,"angle":73.09,"curve":[0.25,0,0.75,1]},{"time":1.3333,"angle":47.63,"curve":[0.25,0,0.75,1]},{"time":1.6667,"angle":73.09,"curve":[0.25,0,0.75,1]},{"time":2,"angle":47.63,"curve":[0.25,0,0.75,1]},{"time":2.3333,"angle":73.09,"curve":[0.25,0,0.75,1]},{"time":2.6667,"angle":47.63}],"translate":[{"time":0,"x":0,"y":0}],"scale":[{"time":0,"x":1,"y":1}]},"hand1":{"rotate":[{"time":0,"angle":8.87}],"translate":[{"time":0,"x":3.7,"y":1.67}],"scale":[{"time":0,"x":1,"y":1}]},"hand2":{"rotate":[{"time":0,"angle":0}],"translate":[{"time":0,"x":0,"y":0}],"scale":[{"time":0,"x":1,"y":1}]},"head":{"rotate":[{"time":0,"angle":1.42,"curve":[0.565,-0.35,0.838,0.84]},{"time":0.7,"angle":-0.17,"curve":[0.565,-0.35,0.838,0.84]},{"time":1.3667,"angle":1.42,"curve":[0.565,-0.35,0.838,0.84]},{"time":2.0333,"angle":-0.17,"curve":[0.565,-0.35,0.838,0.84]},{"time":2.6667,"angle":1.42}],"translate":[{"time":0,"x":0,"y":0,"curve":[0.198,0.11,0.537,1.32]},{"time":0.7,"x":-2.22,"y":0.02,"curve":[0.198,0.11,0.537,1.32]},{"time":1.3667,"x":0,"y":0,"curve":[0.198,0.11,0.537,1.32]},{"time":2.0333,"x":-2.22,"y":0.02,"curve":[0.198,0.11,0.537,1.32]},{"time":2.6667,"x":0,"y":0}],"scale":[{"time":0,"x":1,"y":1}]}},"drawOrder":[{"time":0,"offsets":[{"slot":"hand1","offset":4},{"slot":"forearm1","offset":3}]},{"time":1.3667,"offsets":[{"slot":"hand1","offset":4},{"slot":"forearm1","offset":3}]},{"time":2.6667,"offsets":[{"slot":"hand1","offset":4},{"slot":"forearm1","offset":3}]}]},"UNCOMFORTABLE":{"slots":{"arm1":{"attachment":[{"time":0,"name":"arm1"},{"time":3,"name":"arm1"}]},"arm2":{"attachment":[{"time":0,"name":"arm2"},{"time":3,"name":"arm2"}]},"eyes":{"attachment":[{"time":0,"name":"eyes_c2"},{"time":0.2,"name":"eyes_h1"},{"time":0.3333,"name":"eyes_d2"},{"time":1.4667,"name":"eyes_d2"},{"time":2.5667,"name":"eyes_h1"},{"time":2.6667,"name":"eyes_c2"},{"time":3,"name":"eyes_c2"}]},"foot1":{"attachment":[{"time":0,"name":"foot1a"},{"time":1.4667,"name":"foot1a"},{"time":3,"name":"foot1a"}]},"foot2":{"attachment":[{"time":0,"name":"foot2a"},{"time":1.4667,"name":"foot2a"},{"time":3,"name":"foot2a"}]},"forearm1":{"attachment":[{"time":0,"name":"forearm1a"},{"time":3,"name":"forearm1a"}]},"forearm2":{"attachment":[{"time":0,"name":"forearm2"},{"time":3,"name":"forearm2"}]},"hand1":{"attachment":[{"time":0,"name":"hand1a"},{"time":3,"name":"hand1a"}]},"hand2":{"attachment":[{"time":0,"name":"hand2a"},{"time":3,"name":"hand2a"}]},"head":{"attachment":[{"time":0,"name":"head"},{"time":3,"name":"head"}]},"leg2":{"attachment":[{"time":0,"name":"leg2"},{"time":1.4667,"name":"leg2"},{"time":3,"name":"leg2"}]},"leg1a":{"attachment":[{"time":0,"name":"leg1"},{"time":1.4667,"name":"leg1"},{"time":3,"name":"leg1"}]},"mouth":{"attachment":[{"time":0,"name":"mouth_b2"},{"time":3,"name":"mouth_b2"}]},"particle1":{"attachment":[{"time":0,"name":"particle1"},{"time":3,"name":"particle1"}]},"shin1":{"attachment":[{"time":0,"name":"shin1"},{"time":1.4667,"name":"shin1"},{"time":3,"name":"shin1"}]},"shin2":{"attachment":[{"time":0,"name":"shin2"},{"time":1.4667,"name":"shin2"},{"time":3,"name":"shin2"}]},"torso1":{"attachment":[{"time":0,"name":"torso1"},{"time":3,"name":"torso1"}]},"torso2":{"attachment":[{"time":0,"name":"torso2"},{"time":3,"name":"torso2"}]}},"bones":{"forearm1":{"rotate":[{"time":0,"angle":60.73,"curve":[0.184,0.1,0.738,1.54]},{"time":0.7333,"angle":15.43,"curve":[0.184,0.1,0.738,1.54]},{"time":1.5,"angle":60.73,"curve":[0.184,0.1,0.738,1.54]},{"time":2.2333,"angle":15.43,"curve":[0.184,0.1,0.738,1.54]},{"time":3,"angle":60.73}],"translate":[{"time":0,"x":4.28,"y":-6.95,"curve":[0.25,0,0.75,1]},{"time":0.7333,"x":-0.33,"y":-2.5,"curve":[0.25,0,0.75,1]},{"time":1.5,"x":4.28,"y":-6.95,"curve":[0.25,0,0.75,1]},{"time":2.2333,"x":-0.33,"y":-2.5,"curve":[0.25,0,0.75,1]},{"time":3,"x":4.28,"y":-6.95}],"scale":[{"time":0,"x":1,"y":1}]},"leg2":{"rotate":[{"time":0,"angle":32.8,"curve":[0.25,0,0.75,1]},{"time":0.7333,"angle":18.94,"curve":[0.25,0,0.75,1]},{"time":1.4667,"angle":32.8,"curve":[0.25,0,0.75,1]},{"time":2.2,"angle":18.94,"curve":[0.25,0,0.75,1]},{"time":3,"angle":32.8}],"translate":[{"time":0,"x":1.06,"y":-6.48,"curve":[0.442,-0.11,0.726,1]},{"time":0.7333,"x":0.9,"y":-2.89,"curve":[0.442,-0.11,0.726,1]},{"time":1.4667,"x":1.06,"y":-6.48,"curve":[0.442,-0.11,0.726,1]},{"time":2.2,"x":0.9,"y":-2.89,"curve":[0.442,-0.11,0.726,1]},{"time":3,"x":1.06,"y":-6.48}],"scale":[{"time":0,"x":1,"y":1}]},"shin1":{"rotate":[{"time":0,"angle":26.27,"curve":[0.25,0,0.75,1]},{"time":0.7333,"angle":7.06,"curve":[0.25,0,0.75,1]},{"time":1.4667,"angle":26.27,"curve":[0.25,0,0.75,1]},{"time":2.2,"angle":7.06,"curve":[0.25,0,0.75,1]},{"time":3,"angle":26.27}],"translate":[{"time":0,"x":-1.05,"y":0.38,"curve":[0.25,0,0.75,1]},{"time":0.7333,"x":6.33,"y":1.31,"curve":[0.25,0,0.75,1]},{"time":1.4667,"x":-1.05,"y":0.38,"curve":[0.25,0,0.75,1]},{"time":2.2,"x":6.33,"y":1.31,"curve":[0.25,0,0.75,1]},{"time":3,"x":-1.05,"y":0.38}],"scale":[{"time":0,"x":1,"y":1}]},"hand2":{"rotate":[{"time":0,"angle":15.87}],"translate":[{"time":0,"x":4.01,"y":1.62}],"scale":[{"time":0,"x":1,"y":1}]},"foot1":{"rotate":[{"time":0,"angle":2.38}],"translate":[{"time":0,"x":1.53,"y":2.1}],"scale":[{"time":0,"x":1,"y":1}]},"shin2":{"rotate":[{"time":0,"angle":-32.59,"curve":[0.25,0,0.75,1]},{"time":0.7333,"angle":-7.73,"curve":[0.25,0,0.75,1]},{"time":1.4667,"angle":-32.59,"curve":[0.25,0,0.75,1]},{"time":2.2,"angle":-7.73,"curve":[0.25,0,0.75,1]},{"time":3,"angle":-32.59}],"translate":[{"time":0,"x":2.75,"y":-0.75,"curve":[0.25,0,0.75,1]},{"time":0.7333,"x":2.33,"y":0.56,"curve":[0.25,0,0.75,1]},{"time":1.4667,"x":2.75,"y":-0.75,"curve":[0.25,0,0.75,1]},{"time":2.2,"x":2.33,"y":0.56,"curve":[0.25,0,0.75,1]},{"time":3,"x":2.75,"y":-0.75}],"scale":[{"time":0,"x":1,"y":1}]},"head":{"rotate":[{"time":0,"angle":5.28,"curve":[0.407,0,0.65,1]},{"time":0.8,"angle":-3.98,"curve":[0.407,0,0.65,1]},{"time":1.5333,"angle":5.28,"curve":[0.407,0,0.65,1]},{"time":2.2667,"angle":-3.98,"curve":[0.407,0,0.65,1]},{"time":3,"angle":5.28}],"translate":[{"time":0,"x":6.32,"y":-5.07}],"scale":[{"time":0,"x":1,"y":1}]},"torso1":{"rotate":[{"time":0,"angle":-10.2}],"translate":[{"time":0,"x":-3.01,"y":-0.88,"curve":[0.442,-0.11,0.726,1]},{"time":0.7333,"x":-3.73,"y":8.31,"curve":[0.442,-0.11,0.726,1]},{"time":1.4667,"x":-3.01,"y":-0.88,"curve":[0.442,-0.11,0.726,1]},{"time":2.2,"x":-3.73,"y":8.31,"curve":[0.442,-0.11,0.726,1]},{"time":3,"x":-3.01,"y":-0.88}],"scale":[{"time":0,"x":1,"y":1}]},"foot2":{"rotate":[{"time":0,"angle":0}],"translate":[{"time":0,"x":0,"y":0}],"scale":[{"time":0,"x":1,"y":1}]},"torso2":{"rotate":[{"time":0,"angle":-1.79,"curve":[0.25,0,0.75,1]},{"time":0.7333,"angle":-7.84,"curve":[0.25,0,0.75,1]},{"time":1.4667,"angle":-1.79,"curve":[0.25,0,0.75,1]},{"time":2.2,"angle":-7.84,"curve":[0.25,0,0.75,1]},{"time":3,"angle":-1.79}],"translate":[{"time":0,"x":0,"y":0}],"scale":[{"time":0,"x":1,"y":1}]},"hand1":{"rotate":[{"time":0,"angle":-24.11}],"translate":[{"time":0,"x":2.13,"y":1.96}],"scale":[{"time":0,"x":1,"y":1}]},"arm2":{"rotate":[{"time":0,"angle":-2.38,"curve":[0.456,-0.4,0.833,0.86]},{"time":0.7333,"angle":-66.28,"curve":[0.456,-0.4,0.833,0.86]},{"time":1.5,"angle":-2.38,"curve":[0.456,-0.4,0.833,0.86]},{"time":2.2333,"angle":-66.28,"curve":[0.456,-0.4,0.833,0.86]},{"time":3,"angle":-2.38}],"translate":[{"time":0,"x":-2.05,"y":12.78}],"scale":[{"time":0,"x":1,"y":1}]},"leg1":{"rotate":[{"time":0,"angle":-28.72,"curve":[0.25,0,0.75,1]},{"time":0.7333,"angle":-15.58,"curve":[0.25,0,0.75,1]},{"time":1.4667,"angle":-28.72,"curve":[0.25,0,0.75,1]},{"time":2.2,"angle":-15.58,"curve":[0.25,0,0.75,1]},{"time":3,"angle":-28.72}],"translate":[{"time":0,"x":-4.31,"y":-1.91,"curve":[0.442,-0.11,0.726,1]},{"time":0.7333,"x":-7.49,"y":5.49,"curve":[0.442,-0.11,0.726,1]},{"time":1.4667,"x":-4.31,"y":-1.91,"curve":[0.442,-0.11,0.726,1]},{"time":2.2,"x":-7.49,"y":5.49,"curve":[0.442,-0.11,0.726,1]},{"time":3,"x":-4.31,"y":-1.91}],"scale":[{"time":0,"x":1,"y":1}]},"arm1":{"rotate":[{"time":0,"angle":-7.93,"curve":[0.411,-0.37,0.795,0.9]},{"time":0.7333,"angle":-312.17,"curve":[0.411,-0.37,0.795,0.9]},{"time":1.5,"angle":-7.93,"curve":[0.411,-0.37,0.795,0.9]},{"time":2.2333,"angle":-309.79,"curve":[0.411,-0.37,0.795,0.9]},{"time":3,"angle":-7.93}],"translate":[{"time":0,"x":2.96,"y":-9.45,"curve":[0.25,0,0.75,1]},{"time":0.7333,"x":0.03,"y":-5.04,"curve":[0.25,0,0.75,1]},{"time":1.5,"x":2.96,"y":-9.45,"curve":[0.25,0,0.75,1]},{"time":2.2333,"x":0.03,"y":-5.04,"curve":[0.25,0,0.75,1]},{"time":3,"x":2.96,"y":-9.45}],"scale":[{"time":0,"x":1,"y":1}]},"forearm2":{"rotate":[{"time":0,"angle":39.64,"curve":[0.155,0.23,0.743,1.36]},{"time":0.7333,"angle":91.71,"curve":[0.155,0.23,0.743,1.36]},{"time":1.5,"angle":39.64,"curve":[0.155,0.23,0.743,1.36]},{"time":2.2333,"angle":91.71,"curve":[0.155,0.23,0.743,1.36]},{"time":3,"angle":39.64}],"translate":[{"time":0,"x":-1.34,"y":-2.65}],"scale":[{"time":0,"x":1,"y":1}]}},"drawOrder":[{"time":0,"offsets":[{"slot":"hand1","offset":4},{"slot":"forearm1","offset":3}]},{"time":1.5,"offsets":[{"slot":"hand1","offset":4},{"slot":"forearm1","offset":3}]},{"time":3,"offsets":[{"slot":"hand1","offset":4},{"slot":"forearm1","offset":3}]}]},"WIN":{"slots":{"arm1":{"attachment":[{"time":0,"name":"arm1"},{"time":0.8667,"name":"arm1"},{"time":1.1,"name":"arm1"}]},"arm2":{"attachment":[{"time":0,"name":"arm2"},{"time":0.8667,"name":"arm2"},{"time":1.1,"name":"arm2"}]},"eyes":{"attachment":[{"time":0,"name":"eyes_h2"},{"time":0.7,"name":"eyes_e2"},{"time":1.1,"name":"eyes_e2"}]},"foot1":{"attachment":[{"time":0,"name":"foot1a"},{"time":0.6667,"name":"foot1a"},{"time":0.8667,"name":"foot1a"},{"time":1.1,"name":"foot1a"}]},"foot2":{"attachment":[{"time":0,"name":"foot2a"},{"time":0.8667,"name":"foot2a"},{"time":1.1,"name":"foot2a"}]},"forearm1":{"attachment":[{"time":0,"name":"forearm1a"},{"time":0.8667,"name":"forearm1a"},{"time":1.1,"name":"forearm1a"}]},"forearm2":{"attachment":[{"time":0,"name":"forearm2"},{"time":0.8667,"name":"forearm2"},{"time":1.1,"name":"forearm2"}]},"hand1":{"attachment":[{"time":0,"name":"hand1a"},{"time":0.8667,"name":"hand1a"},{"time":1.1,"name":"hand1a"}]},"hand2":{"attachment":[{"time":0,"name":"hand2a"},{"time":0.8667,"name":"hand2a"},{"time":1.1,"name":"hand2a"}]},"head":{"attachment":[{"time":0,"name":"head"},{"time":1.1,"name":"head"}]},"leg2":{"attachment":[{"time":0,"name":"leg2"},{"time":0.8667,"name":"leg2"},{"time":1.1,"name":"leg2"}]},"leg1a":{"attachment":[{"time":0,"name":"leg1"},{"time":0.6667,"name":"leg1"},{"time":0.8667,"name":"leg1"},{"time":1.1,"name":"leg1"}]},"mouth":{"attachment":[{"time":0,"name":"mouth_d1"},{"time":0.7,"name":"mouth_b1"},{"time":1.1,"name":"mouth_b1"}]},"particle1":{"attachment":[{"time":0,"name":"particle1"},{"time":1.1,"name":"particle1"}]},"shin1":{"attachment":[{"time":0,"name":"shin1"},{"time":0.6667,"name":"shin1"},{"time":0.8667,"name":"shin1"},{"time":1.1,"name":"shin1"}]},"shin2":{"attachment":[{"time":0,"name":"shin2"},{"time":0.8667,"name":"shin2"},{"time":1.1,"name":"shin2"}]},"torso1":{"attachment":[{"time":0,"name":"torso1"},{"time":0.8667,"name":"torso1"},{"time":1.1,"name":"torso1"}]},"torso2":{"attachment":[{"time":0,"name":"torso2"},{"time":0.8667,"name":"torso2"},{"time":1.1,"name":"torso2"}]}},"bones":{"arm1":{"rotate":[{"time":0,"angle":43.62,"curve":[0.284,0,0.625,0.38]},{"time":0.1333,"angle":-299.89,"curve":[0.308,0.24,0.651,0.61]},{"time":0.3,"angle":24.98,"curve":[0.337,0.34,0.679,0.7]},{"time":0.4667,"angle":-315.76,"curve":[0.381,0.58,0.731,1]},{"time":0.6667,"angle":43.62,"curve":[0.121,0.38,0.75,1]},{"time":0.8667,"angle":17.55,"curve":[0.335,0,1,0.58]},{"time":1.1,"angle":43.62}],"translate":[{"time":0,"x":7.64,"y":-3.52}],"scale":[{"time":0,"x":1,"y":1}]},"arm2":{"rotate":[{"time":0,"angle":58.49,"curve":[0.284,0,0.625,0.38]},{"time":0.1333,"angle":-341.12,"curve":[0.308,0.24,0.651,0.61]},{"time":0.3,"angle":-276.04,"curve":[0.337,0.34,0.679,0.7]},{"time":0.4667,"angle":-313,"curve":[0.381,0.58,0.731,1]},{"time":0.6667,"angle":58.49,"curve":[0.121,0.38,0.75,1]},{"time":0.8667,"angle":-273.53,"curve":[0.335,0,1,0.58]},{"time":1.1,"angle":58.49}],"translate":[{"time":0,"x":-6.06,"y":9.43,"curve":"stepped"},{"time":0.6667,"x":-6.06,"y":9.43,"curve":[0.121,0.38,0.75,1]},{"time":0.8667,"x":10.31,"y":5.68,"curve":[0.335,0,1,0.58]},{"time":1.1,"x":-6.06,"y":9.43}],"scale":[{"time":0,"x":1,"y":1}]},"head":{"rotate":[{"time":0,"angle":-7.31,"curve":[0.321,-0.72,0.838,0.94]},{"time":0.1667,"angle":14.64,"curve":[0.321,-0.72,0.838,0.94]},{"time":0.3333,"angle":-6.25,"curve":[0.321,-0.72,0.838,0.94]},{"time":0.5,"angle":14.64,"curve":[0.321,-0.72,0.838,0.94]},{"time":0.6667,"angle":-7.31,"curve":[0.321,-0.72,0.838,0.94]},{"time":0.8667,"angle":12.44,"curve":[0.321,-0.72,0.838,0.94]},{"time":1.1,"angle":-7.31}],"translate":[{"time":0,"x":4.84,"y":-16.3,"curve":"stepped"},{"time":0.6667,"x":4.84,"y":-16.3,"curve":[0.906,-0.12,0.899,0.91]},{"time":0.8667,"x":15.14,"y":-16.99,"curve":[0.793,-0.63,0.764,1.72]},{"time":1.1,"x":4.84,"y":-16.3}],"scale":[{"time":0,"x":1,"y":1}]},"foot1":{"rotate":[{"time":0,"angle":2.38,"curve":"stepped"},{"time":0.6667,"angle":2.38,"curve":[0.121,0.38,0.75,1]},{"time":0.8667,"angle":1.22,"curve":[0.335,0,1,0.58]},{"time":1.1,"angle":2.38}],"translate":[{"time":0,"x":1.53,"y":2.1}],"scale":[{"time":0,"x":1,"y":1}]},"foot2":{"rotate":[{"time":0,"angle":0}],"translate":[{"time":0,"x":0,"y":0}],"scale":[{"time":0,"x":1,"y":1}]},"forearm1":{"rotate":[{"time":0,"angle":111.2,"curve":[0.363,0,0.692,0.38]},{"time":0.1333,"angle":97.03,"curve":[0.356,0.24,0.681,0.61]},{"time":0.3,"angle":83.44,"curve":[0.331,0.34,0.656,0.7]},{"time":0.4667,"angle":106.9,"curve":[0.303,0.58,0.625,1]},{"time":0.6667,"angle":111.2,"curve":[0.121,0.38,0.75,1]},{"time":0.8667,"angle":72.54,"curve":[0.335,0,1,0.58]},{"time":1.1,"angle":111.2}],"translate":[{"time":0,"x":9.01,"y":-3.07,"curve":"stepped"},{"time":0.6667,"x":9.01,"y":-3.07,"curve":[0.121,0.38,0.75,1]},{"time":0.8667,"x":3.49,"y":-6.88,"curve":[0.335,0,1,0.58]},{"time":1.1,"x":9.01,"y":-3.07}],"scale":[{"time":0,"x":1,"y":1}]},"forearm2":{"rotate":[{"time":0,"angle":63.76,"curve":[0.284,0,0.625,0.38]},{"time":0.1333,"angle":97.04,"curve":[0.308,0.24,0.651,0.61]},{"time":0.3,"angle":16.12,"curve":[0.337,0.34,0.679,0.7]},{"time":0.4667,"angle":61.4,"curve":[0.381,0.58,0.731,1]},{"time":0.6667,"angle":63.76,"curve":[0.121,0.38,0.75,1]},{"time":0.8667,"angle":-0.78,"curve":[0.335,0,1,0.58]},{"time":1.1,"angle":63.76}],"translate":[{"time":0,"x":-1.17,"y":-5.53,"curve":"stepped"},{"time":0.6667,"x":-1.17,"y":-5.53,"curve":[0.121,0.38,0.75,1]},{"time":0.8667,"x":-2.91,"y":-2.8,"curve":[0.335,0,1,0.58]},{"time":1.1,"x":-1.17,"y":-5.53}],"scale":[{"time":0,"x":1,"y":1}]},"hand1":{"rotate":[{"time":0,"angle":-12.35}],"translate":[{"time":0,"x":2.13,"y":1.96}],"scale":[{"time":0,"x":1,"y":1}]},"hand2":{"rotate":[{"time":0,"angle":15.87}],"translate":[{"time":0,"x":4.01,"y":1.62}],"scale":[{"time":0,"x":1,"y":1}]},"leg2":{"rotate":[{"time":0,"angle":47.07,"curve":"stepped"},{"time":0.6667,"angle":47.07,"curve":[0.121,0.38,0.75,1]},{"time":0.8667,"angle":65.6,"curve":[0.335,0,1,0.58]},{"time":1.1,"angle":47.07}],"translate":[{"time":0,"x":-1.61,"y":-11.32,"curve":"stepped"},{"time":0.6667,"x":-1.61,"y":-11.32,"curve":[0.25,0,0.75,1]},{"time":0.8667,"x":3.02,"y":17.5,"curve":[0.335,0,1,0.58]},{"time":1.1,"x":-1.61,"y":-11.32}],"scale":[{"time":0,"x":1,"y":1}]},"leg1":{"rotate":[{"time":0,"angle":-33.84,"curve":"stepped"},{"time":0.6667,"angle":-33.84,"curve":[0.121,0.38,0.75,1]},{"time":0.8667,"angle":-18.93,"curve":[0.335,0,1,0.58]},{"time":1.1,"angle":-33.84}],"translate":[{"time":0,"x":-12.03,"y":-3.37,"curve":"stepped"},{"time":0.6667,"x":-12.03,"y":-3.37,"curve":[0.25,0,0.75,1]},{"time":0.8667,"x":-16.1,"y":-0.56,"curve":[0.335,0,1,0.58]},{"time":1.1,"x":-12.03,"y":-3.37}],"scale":[{"time":0,"x":1,"y":1}]},"shin1":{"rotate":[{"time":0,"angle":26.27,"curve":"stepped"},{"time":0.6667,"angle":26.27,"curve":[0.121,0.38,0.75,1]},{"time":0.8667,"angle":0.61,"curve":[0.335,0,1,0.58]},{"time":1.1,"angle":26.27}],"translate":[{"time":0,"x":-1.05,"y":0.38,"curve":"stepped"},{"time":0.6667,"x":-1.05,"y":0.38,"curve":[0.121,0.38,0.75,1]},{"time":0.8667,"x":-0.33,"y":0.91,"curve":[0.335,0,1,0.58]},{"time":1.1,"x":-1.05,"y":0.38}],"scale":[{"time":0,"x":1,"y":1}]},"shin2":{"rotate":[{"time":0,"angle":-47.65,"curve":"stepped"},{"time":0.6667,"angle":-47.65,"curve":[0.121,0.38,0.75,1]},{"time":0.8667,"angle":-12.86,"curve":[0.335,0,1,0.58]},{"time":1.1,"angle":-47.65}],"translate":[{"time":0,"x":2.75,"y":-0.75,"curve":"stepped"},{"time":0.6667,"x":2.75,"y":-0.75,"curve":[0.121,0.38,0.75,1]},{"time":0.8667,"x":2.26,"y":-2.05,"curve":[0.335,0,1,0.58]},{"time":1.1,"x":2.75,"y":-0.75}],"scale":[{"time":0,"x":1,"y":1}]},"torso2":{"rotate":[{"time":0,"angle":-10.16,"curve":[0.275,0,0.62,0.4]},{"time":0.3333,"angle":-4.66,"curve":[0.314,0.27,0.657,0.63]},{"time":0.7,"angle":-10.16,"curve":[0.121,0.38,0.75,1]},{"time":0.9,"angle":-354.14,"curve":[0.335,0,1,0.58]},{"time":1.1,"angle":-10.16}],"translate":[{"time":0,"x":-0.02,"y":0.09}],"scale":[{"time":0,"x":1,"y":1}]},"torso1":{"rotate":[{"time":0,"angle":-20.4,"curve":[0.25,0,0.75,1]},{"time":0.3,"angle":-15.35,"curve":[0.25,0,0.75,1]},{"time":0.6667,"angle":-20.4,"curve":[0.121,0.38,0.75,1]},{"time":0.8667,"angle":8.91,"curve":[0.335,0,1,0.58]},{"time":1.1,"angle":-20.4}],"translate":[{"time":0,"x":-8.31,"y":-9.4,"curve":"stepped"},{"time":0.6667,"x":-8.31,"y":-9.4,"curve":[0.236,-0.69,0.724,0.92]},{"time":0.8667,"x":-11.92,"y":13.86,"curve":[0.669,0,0.668,1.28]},{"time":1.1,"x":-8.31,"y":-9.4}],"scale":[{"time":0,"x":1,"y":1}]}},"drawOrder":[{"time":0,"offsets":[{"slot":"hand1","offset":4},{"slot":"forearm1","offset":3}]},{"time":1.1,"offsets":[{"slot":"hand1","offset":4},{"slot":"forearm1","offset":3}]}],"events":[{"time":1.1,"name":"PLAY:epicFootStep1"}]}}}