{"skeleton":{"hash":"tJ4+UPdkyz6Mw416czKfjlGHcxE","spine":"3.2.01","width":1180.16,"height":495.93,"images":""},"bones":[{"name":"root"},{"name":"torso","parent":"root","length":26.4,"rotation":90,"x":-6.22,"y":66.68,"inheritScale":false},{"name":"arms","parent":"torso","x":20.06,"inheritScale":false},{"name":"ship2","parent":"root","length":51.51,"rotation":270,"x":-2.75,"y":-95.55},{"name":"barra","parent":"ship2","length":42.75,"rotation":180,"x":-1.84,"y":2.75},{"name":"ship","parent":"root","length":34.46,"rotation":90,"x":0.26,"y":18.72,"scaleX":1.075,"inheritScale":false},{"name":"ref_ship","parent":"ship","length":22.75,"x":4.87,"y":0.05,"scaleX":1.087,"shearY":-0.07,"inheritScale":false},{"name":"bone","parent":"ref_ship","x":47.12,"y":365.29},{"name":"bone2","parent":"ref_ship","x":46.99,"y":-356.14},{"name":"dome","parent":"root","length":122.61,"rotation":90,"x":-5.35,"y":66.46,"inheritScale":false},{"name":"head","parent":"torso","length":27.98,"rotation":89.99,"x":26.66,"inheritScale":false,"inheritRotation":false},{"name":"eye1","parent":"head","length":13.72,"x":18.21,"y":16.63,"inheritScale":false},{"name":"eye2","parent":"head","length":13.73,"x":17.68,"y":-16.63,"inheritScale":false},{"name":"eyebrown1","parent":"head","x":42.44,"y":17.06,"inheritScale":false},{"name":"eyebrown2","parent":"head","x":38.99,"y":-17.73,"inheritScale":false},{"name":"pupil1","parent":"eye1","x":6.08,"y":-1.96,"inheritScale":false},{"name":"pupil2","parent":"eye2","x":6.6,"y":0.24,"inheritScale":false},{"name":"ref1","parent":"dome","rotation":-90,"x":226,"y":0.57,"inheritScale":false},{"name":"ref2","parent":"dome","rotation":-90,"x":210.17,"y":-43.17,"inheritScale":false}],"slots":[{"name":"cabin","bone":"root","attachment":"cabin"},{"name":"reflection1_a","bone":"ref1","attachment":"reflection1_a"},{"name":"reflection1_b","bone":"ref2","attachment":"reflection1_b"},{"name":"menu_pink","bone":"root","attachment":"menu_pink"},{"name":"menu_pink2","bone":"root","attachment":"menu_pink"},{"name":"manu13","bone":"root","attachment":"manu13"},{"name":"manu14","bone":"root","attachment":"manu13"},{"name":"torso","bone":"torso","attachment":"torso"},{"name":"hands","bone":"arms","attachment":"hands"},{"name":"head","bone":"head","attachment":"head"},{"name":"eye2_a","bone":"eye2","attachment":"eye1_a"},{"name":"eye1_a","bone":"eye1","attachment":"eye1_a"},{"name":"eyebrown1","bone":"eyebrown1","attachment":"eyebrown1"},{"name":"eyebrown2","bone":"eyebrown2","attachment":"eyebrown2"},{"name":"pupil1","bone":"pupil1","attachment":"pupil"},{"name":"pupil2","bone":"pupil2","attachment":"pupil_copia"},{"name":"dome","bone":"dome","attachment":"dome"},{"name":"ship","bone":"ship","attachment":"ship"},{"name":"reflecttion_ship","bone":"ref_ship","attachment":"reflecttion_ship"},{"name":"reflection2","bone":"bone","attachment":"reflection2"},{"name":"reflection2_a","bone":"bone2","attachment":"refletion2_a"},{"name":"ship2","bone":"ship2","attachment":"ship2"},{"name":"light","bone":"ship2","attachment":"light"},{"name":"ligth1","bone":"ship2","attachment":"Capa_24"},{"name":"ligth2","bone":"ship2","attachment":"Capa_23"},{"name":"ligth3","bone":"ship2","attachment":"ligth3"},{"name":"ligth4","bone":"ship2","attachment":"Capa_21"},{"name":"After/secuencia/final_00023","bone":"root","attachment":"After/secuencia/final_00000"},{"name":"ab1","bone":"root","attachment":"ab1"},{"name":"barra","bone":"barra","attachment":"barra"}],"skins":{"default":{},"normal":{"After/secuencia/final_00023":{"After/secuencia/final_00000":{"x":-1.21,"y":-40.02,"width":1177,"height":127},"After/secuencia/final_00001":{"x":-1.21,"y":-40.02,"width":1177,"height":127},"After/secuencia/final_00002":{"x":-1.21,"y":-40.02,"width":1177,"height":127},"After/secuencia/final_00003":{"x":-1.21,"y":-40.02,"width":1177,"height":127},"After/secuencia/final_00004":{"x":-1.21,"y":-40.02,"width":1177,"height":127},"After/secuencia/final_00005":{"x":-1.21,"y":-40.02,"width":1177,"height":127},"After/secuencia/final_00006":{"x":-1.21,"y":-40.02,"width":1177,"height":127},"After/secuencia/final_00007":{"x":-1.21,"y":-40.02,"width":1177,"height":127},"After/secuencia/final_00008":{"x":-1.21,"y":-40.02,"width":1177,"height":127},"After/secuencia/final_00009":{"x":-1.21,"y":-40.02,"width":1177,"height":127},"After/secuencia/final_00010":{"x":-1.21,"y":-40.02,"width":1177,"height":127},"After/secuencia/final_00011":{"x":-1.21,"y":-40.02,"width":1177,"height":127},"After/secuencia/final_00012":{"x":-1.21,"y":-40.02,"width":1177,"height":127},"After/secuencia/final_00013":{"x":-1.21,"y":-40.02,"width":1177,"height":127},"After/secuencia/final_00014":{"x":-1.21,"y":-40.02,"width":1177,"height":127},"After/secuencia/final_00015":{"x":-1.21,"y":-40.02,"width":1177,"height":127},"After/secuencia/final_00016":{"x":-1.21,"y":-40.02,"width":1177,"height":127},"After/secuencia/final_00017":{"x":-1.21,"y":-40.02,"width":1177,"height":127},"After/secuencia/final_00018":{"x":-1.21,"y":-40.02,"width":1177,"height":127},"After/secuencia/final_00019":{"x":-1.21,"y":-40.02,"width":1177,"height":127},"After/secuencia/final_00020":{"x":-1.21,"y":-40.02,"width":1177,"height":127},"After/secuencia/final_00021":{"x":-1.21,"y":-40.02,"width":1177,"height":127},"After/secuencia/final_00022":{"x":-1.21,"y":-40.02,"width":1177,"height":127},"After/secuencia/final_00023":{"x":-1.21,"y":-40.02,"width":1177,"height":127}},"ab1":{"ab1":{"name":"normal/ab1","x":-4.37,"y":19.16,"width":1177,"height":19}},"barra":{"barra":{"name":"normal/barra","x":1.14,"y":4.38,"scaleX":1.308,"rotation":-90,"width":787,"height":34}},"cabin":{"cabin":{"name":"normal/cabin","x":-4.8,"y":121.74,"width":247,"height":101}},"dome":{"dome":{"name":"normal/dome","x":129.74,"y":1.09,"rotation":-90,"width":248,"height":240}},"eye1_a":{"eye1_a":{"name":"normal/eye1_a","x":9.67,"y":1.53,"rotation":-89.99,"width":24,"height":21},"eye1_b":{"name":"normal/eye1_b","x":7.37,"y":0.78,"rotation":-89.99,"width":23,"height":11}},"eye2_a":{"eye1_a":{"name":"normal/eye1_a","x":10.2,"y":-1.7,"scaleX":-1,"rotation":-89.99,"width":24,"height":21},"eye2_b":{"name":"normal/eye2_b","x":10.2,"y":-2.55,"rotation":-89.99,"width":24,"height":10}},"eyebrown1":{"eyebrown1":{"name":"normal/eyebrown1","x":-3.58,"y":-0.17,"rotation":-89.99,"width":25,"height":10}},"eyebrown2":{"eyebrown2":{"name":"normal/eyebrown2","x":-3.05,"y":-1.73,"rotation":-89.99,"width":25,"height":10}},"hands":{"hands":{"name":"normal/hands","x":-10.76,"y":-0.24,"rotation":-90,"width":84,"height":34}},"head":{"head":{"name":"normal/head","x":51.13,"y":0.83,"rotation":-89.99,"width":126,"height":104}},"light":{"light":{"name":"normal/light","x":27.37,"y":255.59,"rotation":89.99,"width":39,"height":39},"light_coof":{"name":"normal/light_coof","x":27.37,"y":255.59,"rotation":89.99,"width":39,"height":39}},"ligth1":{"Capa_24":{"name":"normal/Capa_24","x":30.37,"y":136.49,"rotation":89.99,"width":39,"height":39},"light_coof2":{"name":"normal/light_coof","x":27.37,"y":136.49,"rotation":89.99,"width":39,"height":39}},"ligth2":{"Capa_23":{"name":"normal/Capa_23","x":30.37,"y":-1.62,"rotation":89.99,"width":39,"height":39},"Capa_24":{"name":"normal/light_coof","x":30.37,"y":-1.62,"rotation":89.99,"width":39,"height":39}},"ligth3":{"ligth3":{"name":"normal/Capa_22","x":30.37,"y":-139.73,"rotation":89.99,"width":39,"height":39},"ligth_oof":{"name":"normal/light_coof","x":30.37,"y":-139.73,"rotation":89.99,"width":39,"height":39}},"ligth4":{"Capa_21":{"name":"normal/Capa_21","x":30.37,"y":-277.84,"rotation":89.99,"width":39,"height":39},"Capa_22":{"name":"normal/light_coof","x":30.37,"y":-277.84,"rotation":89.99,"width":39,"height":39}},"manu13":{"manu13":{"name":"normal/manu13","x":-90.71,"y":130.5,"rotation":-1.92,"width":52,"height":52}},"manu14":{"manu13":{"name":"normal/manu13","x":78.83,"y":131.28,"scaleX":-1,"rotation":4.09,"width":52,"height":52}},"menu_pink":{"menu_pink":{"name":"normal/menu_pink","x":-78.27,"y":104.43,"rotation":-1.63,"width":35,"height":20}},"menu_pink2":{"menu_pink":{"name":"normal/menu_pink","x":68.91,"y":104.57,"scaleX":-1,"rotation":7.18,"width":35,"height":20}},"pupil1":{"pupil":{"name":"normal/pupil","x":-0.34,"y":0.02,"rotation":-89.99,"width":6,"height":6}},"pupil2":{"pupil_copia":{"name":"normal/pupil","x":-0.34,"y":0.07,"rotation":-89.99,"width":6,"height":6}},"reflection1_a":{"reflection1_a":{"name":"normal/reflection1","x":-0.86,"y":-1.24,"width":58,"height":26}},"reflection1_b":{"reflection1_b":{"name":"normal/reflection1","x":-1.57,"y":-0.5,"scaleX":0.658,"scaleY":0.658,"width":58,"height":26}},"reflection2":{"reflection2":{"name":"normal/reflection2","x":0.17,"y":0.32,"rotation":-90,"width":67,"height":35}},"reflection2_a":{"refletion2_a":{"name":"normal/reflection2","x":-1.25,"y":1.53,"rotation":-90,"width":67,"height":35}},"reflecttion_ship":{"reflecttion_ship":{"name":"normal/reflecttion_ship","x":36.29,"y":5.61,"rotation":-90,"width":987,"height":97}},"ship":{"ship":{"name":"normal/ship","x":-1.57,"y":4.14,"rotation":-90,"width":1175,"height":200}},"ship2":{"ship2":{"name":"normal/ship2","x":35.66,"y":-1.62,"rotation":89.99,"width":787,"height":97}},"torso":{"torso":{"name":"normal/torso","x":12.92,"y":1.25,"rotation":-90,"width":89,"height":43}}}},"animations":{"idle_fast":{"slots":{"After/secuencia/final_00023":{"color":[{"time":0,"color":"ffffffff","curve":"stepped"},{"time":1.6666,"color":"ffffffff"}],"attachment":[{"time":0,"name":"After/secuencia/final_00000"},{"time":0.0333,"name":"After/secuencia/final_00001"},{"time":0.0666,"name":"After/secuencia/final_00002"},{"time":0.1333,"name":"After/secuencia/final_00003"},{"time":0.1666,"name":"After/secuencia/final_00004"},{"time":0.2,"name":"After/secuencia/final_00005"},{"time":0.2333,"name":"After/secuencia/final_00006"},{"time":0.2666,"name":"After/secuencia/final_00007"},{"time":0.3333,"name":"After/secuencia/final_00008"},{"time":0.3666,"name":"After/secuencia/final_00009"},{"time":0.4,"name":"After/secuencia/final_00010"},{"time":0.4333,"name":"After/secuencia/final_00011"},{"time":0.4666,"name":"After/secuencia/final_00012"},{"time":0.5333,"name":"After/secuencia/final_00014"},{"time":0.5666,"name":"After/secuencia/final_00015"},{"time":0.6,"name":"After/secuencia/final_00016"},{"time":0.6333,"name":"After/secuencia/final_00017"},{"time":0.6666,"name":"After/secuencia/final_00018"},{"time":0.7333,"name":"After/secuencia/final_00019"},{"time":0.7666,"name":"After/secuencia/final_00020"},{"time":0.8,"name":"After/secuencia/final_00021"},{"time":0.8333,"name":"After/secuencia/final_00000"},{"time":0.8666,"name":"After/secuencia/final_00001"},{"time":0.9,"name":"After/secuencia/final_00002"},{"time":0.9666,"name":"After/secuencia/final_00003"},{"time":1,"name":"After/secuencia/final_00004"},{"time":1.0333,"name":"After/secuencia/final_00005"},{"time":1.1,"name":"After/secuencia/final_00007"},{"time":1.1666,"name":"After/secuencia/final_00008"},{"time":1.2,"name":"After/secuencia/final_00010"},{"time":1.2666,"name":"After/secuencia/final_00011"},{"time":1.3,"name":"After/secuencia/final_00012"},{"time":1.3666,"name":"After/secuencia/final_00014"},{"time":1.4333,"name":"After/secuencia/final_00016"},{"time":1.4666,"name":"After/secuencia/final_00017"},{"time":1.5,"name":"After/secuencia/final_00018"},{"time":1.5333,"name":"After/secuencia/final_00019"},{"time":1.5666,"name":"After/secuencia/final_00020"},{"time":1.6333,"name":"After/secuencia/final_00021"},{"time":1.6666,"name":"After/secuencia/final_00022"}]},"ab1":{"color":[{"time":0,"color":"ffffffff","curve":"stepped"},{"time":1.6666,"color":"ffffffff"}],"attachment":[{"time":0,"name":"ab1"},{"time":1.6666,"name":"ab1"}]},"cabin":{"color":[{"time":0,"color":"ffffffff","curve":"stepped"},{"time":1.6666,"color":"ffffffff"}],"attachment":[{"time":0,"name":"cabin"},{"time":1.6666,"name":"cabin"}]},"dome":{"color":[{"time":0,"color":"ffffffff","curve":"stepped"},{"time":1.6666,"color":"ffffffff"}],"attachment":[{"time":0,"name":"dome"},{"time":1.6666,"name":"dome"}]},"eye1_a":{"color":[{"time":0,"color":"ffffffff","curve":"stepped"},{"time":1.6666,"color":"ffffffff"}],"attachment":[{"time":0,"name":"eye1_a"},{"time":0.7666,"name":"eye1_b"},{"time":0.8333,"name":"eye1_a"},{"time":1.6666,"name":"eye1_a"}]},"eye2_a":{"color":[{"time":0,"color":"ffffffff","curve":"stepped"},{"time":1.6666,"color":"ffffffff"}],"attachment":[{"time":0,"name":"eye1_a"},{"time":0.7666,"name":"eye2_b"},{"time":0.8333,"name":"eye1_a"},{"time":1.6666,"name":"eye1_a"}]},"eyebrown1":{"color":[{"time":0,"color":"ffffffff","curve":"stepped"},{"time":1.6666,"color":"ffffffff"}],"attachment":[{"time":0,"name":"eyebrown1"},{"time":1.6666,"name":"eyebrown1"}]},"eyebrown2":{"color":[{"time":0,"color":"ffffffff","curve":"stepped"},{"time":1.6666,"color":"ffffffff"}],"attachment":[{"time":0,"name":"eyebrown2"},{"time":1.6666,"name":"eyebrown2"}]},"hands":{"color":[{"time":0,"color":"ffffffff","curve":"stepped"},{"time":1.6666,"color":"ffffffff"}],"attachment":[{"time":0,"name":"hands"},{"time":1.6666,"name":"hands"}]},"head":{"color":[{"time":0,"color":"ffffffff","curve":"stepped"},{"time":1.6666,"color":"ffffffff"}],"attachment":[{"time":0,"name":"head"},{"time":1.6666,"name":"head"}]},"light":{"color":[{"time":0,"color":"ffffffff","curve":"stepped"},{"time":1.6666,"color":"ffffffff"}],"attachment":[{"time":0,"name":"light_coof"},{"time":0.2,"name":"light"},{"time":0.4,"name":"light_coof"},{"time":0.6,"name":"light"},{"time":0.8,"name":"light_coof"},{"time":1,"name":"light"},{"time":1.2,"name":"light_coof"},{"time":1.3666,"name":"light"},{"time":1.5666,"name":"light_coof"},{"time":1.6666,"name":"light_coof"}]},"ligth1":{"color":[{"time":0,"color":"ffffffff","curve":"stepped"},{"time":1.6666,"color":"ffffffff"}],"attachment":[{"time":0,"name":"Capa_24"},{"time":0.2,"name":"light_coof2"},{"time":0.4,"name":"Capa_24"},{"time":0.6,"name":"light_coof2"},{"time":0.8,"name":"Capa_24"},{"time":1,"name":"light_coof2"},{"time":1.2,"name":"Capa_24"},{"time":1.3666,"name":"light_coof2"},{"time":1.5666,"name":"Capa_24"},{"time":1.6666,"name":"Capa_24"}]},"ligth2":{"color":[{"time":0,"color":"ffffffff","curve":"stepped"},{"time":1.6666,"color":"ffffffff"}],"attachment":[{"time":0,"name":"Capa_24"},{"time":0.2,"name":"Capa_23"},{"time":0.4,"name":"Capa_24"},{"time":0.6,"name":"Capa_23"},{"time":0.8,"name":"Capa_24"},{"time":1,"name":"Capa_23"},{"time":1.2,"name":"Capa_24"},{"time":1.3666,"name":"Capa_23"},{"time":1.5666,"name":"Capa_24"},{"time":1.6666,"name":"Capa_24"}]},"ligth3":{"color":[{"time":0,"color":"ffffffff","curve":"stepped"},{"time":1.6666,"color":"ffffffff"}],"attachment":[{"time":0,"name":"ligth3"},{"time":0.2,"name":"ligth_oof"},{"time":0.4,"name":"ligth3"},{"time":0.6,"name":"ligth_oof"},{"time":0.8,"name":"ligth3"},{"time":1,"name":"ligth_oof"},{"time":1.2,"name":"ligth3"},{"time":1.3666,"name":"ligth_oof"},{"time":1.5666,"name":"ligth3"},{"time":1.6666,"name":"ligth3"}]},"ligth4":{"color":[{"time":0,"color":"ffffffff","curve":"stepped"},{"time":1.6666,"color":"ffffffff"}],"attachment":[{"time":0,"name":"Capa_22"},{"time":0.2,"name":"Capa_21"},{"time":0.4,"name":"Capa_22"},{"time":0.6,"name":"Capa_21"},{"time":0.8,"name":"Capa_22"},{"time":1,"name":"Capa_21"},{"time":1.2,"name":"Capa_22"},{"time":1.3666,"name":"Capa_21"},{"time":1.5666,"name":"Capa_22"},{"time":1.6666,"name":"Capa_22"}]},"manu13":{"color":[{"time":0,"color":"23ff00ff","curve":[0.901,0,0.834,0.88]},{"time":0.2,"color":"149900ff","curve":[0.25,0,0.349,1]},{"time":0.4333,"color":"23ff00ff","curve":[0.901,0,0.834,0.88]},{"time":0.6333,"color":"149900ff","curve":[0.25,0,0.349,1]},{"time":0.8333,"color":"23ff00ff","curve":[0.901,0,0.834,0.88]},{"time":1.0333,"color":"149900ff","curve":[0.25,0,0.349,1]},{"time":1.2666,"color":"23ff00ff","curve":[0.901,0,0.834,0.88]},{"time":1.4666,"color":"149900ff","curve":[0.25,0,0.349,1]},{"time":1.6666,"color":"23ff00ff"}],"attachment":[{"time":0,"name":"manu13"},{"time":1.6666,"name":"manu13"}]},"manu14":{"color":[{"time":0,"color":"23ff00ff","curve":[0.901,0,0.834,0.88]},{"time":0.2,"color":"149900ff","curve":[0.25,0,0.349,1]},{"time":0.4333,"color":"23ff00ff","curve":[0.901,0,0.834,0.88]},{"time":0.6333,"color":"149900ff","curve":[0.25,0,0.349,1]},{"time":0.8333,"color":"23ff00ff","curve":[0.901,0,0.834,0.88]},{"time":1.0333,"color":"149900ff","curve":[0.25,0,0.349,1]},{"time":1.2666,"color":"23ff00ff","curve":[0.901,0,0.834,0.88]},{"time":1.4666,"color":"149900ff","curve":[0.25,0,0.349,1]},{"time":1.6666,"color":"23ff00ff"}],"attachment":[{"time":0,"name":"manu13"},{"time":1.6666,"name":"manu13"}]},"menu_pink":{"color":[{"time":0,"color":"ff00c5ff","curve":[0.95,0,0.827,0.89]},{"time":0.2,"color":"b8008dff","curve":[0.217,0.04,0.361,1]},{"time":0.4333,"color":"ff00c5ff","curve":[0.95,0,0.827,0.89]},{"time":0.6333,"color":"b8008dff","curve":[0.217,0.04,0.361,1]},{"time":0.8333,"color":"ff00c5ff","curve":[0.95,0,0.827,0.89]},{"time":1.0333,"color":"b8008dff","curve":[0.217,0.04,0.361,1]},{"time":1.2666,"color":"ff00c5ff","curve":[0.95,0,0.827,0.89]},{"time":1.4666,"color":"b8008dff","curve":[0.217,0.04,0.361,1]},{"time":1.6666,"color":"ff00c5ff"}],"attachment":[{"time":0,"name":"menu_pink"},{"time":1.6666,"name":"menu_pink"}]},"menu_pink2":{"color":[{"time":0,"color":"ff00c5ff","curve":[0.95,0,0.827,0.89]},{"time":0.2,"color":"b8008dff","curve":[0.217,0.04,0.361,1]},{"time":0.4333,"color":"ff00c5ff","curve":[0.95,0,0.827,0.89]},{"time":0.6333,"color":"b8008dff","curve":[0.217,0.04,0.361,1]},{"time":0.8333,"color":"ff00c5ff","curve":[0.95,0,0.827,0.89]},{"time":1.0333,"color":"b8008dff","curve":[0.217,0.04,0.361,1]},{"time":1.2666,"color":"ff00c5ff","curve":[0.95,0,0.827,0.89]},{"time":1.4666,"color":"b8008dff","curve":[0.217,0.04,0.361,1]},{"time":1.6666,"color":"ff00c5ff"}],"attachment":[{"time":0,"name":"menu_pink"},{"time":1.6666,"name":"menu_pink"}]},"pupil1":{"color":[{"time":0,"color":"ffffffff","curve":"stepped"},{"time":1.6666,"color":"ffffffff"}],"attachment":[{"time":0,"name":"pupil"},{"time":0.7666,"name":null},{"time":0.8333,"name":"pupil"},{"time":1.6666,"name":"pupil"}]},"pupil2":{"color":[{"time":0,"color":"ffffffff","curve":"stepped"},{"time":1.6666,"color":"ffffffff"}],"attachment":[{"time":0,"name":"pupil_copia"},{"time":0.7666,"name":null},{"time":0.8333,"name":"pupil_copia"},{"time":1.6666,"name":"pupil_copia"}]},"reflection2":{"color":[{"time":0,"color":"ffffff9a","curve":"stepped"},{"time":1.6666,"color":"ffffff9a"}],"attachment":[{"time":0,"name":"reflection2"},{"time":1.6666,"name":"reflection2"}]},"reflection1_a":{"color":[{"time":0,"color":"ffffff9a","curve":"stepped"},{"time":1.6666,"color":"ffffff9a"}],"attachment":[{"time":0,"name":"reflection1_a"},{"time":1.6666,"name":"reflection1_a"}]},"reflection1_b":{"color":[{"time":0,"color":"ffffff9a","curve":"stepped"},{"time":1.6666,"color":"ffffff9a"}],"attachment":[{"time":0,"name":"reflection1_b"},{"time":1.6666,"name":"reflection1_b"}]},"reflection2_a":{"color":[{"time":0,"color":"ffffff9a","curve":"stepped"},{"time":1.6666,"color":"ffffff9a"}],"attachment":[{"time":0,"name":"refletion2_a"},{"time":1.6666,"name":"refletion2_a"}]},"reflecttion_ship":{"color":[{"time":0,"color":"ffffff9a","curve":"stepped"},{"time":1.6666,"color":"ffffff9a"}],"attachment":[{"time":0,"name":"reflecttion_ship"},{"time":1.6666,"name":"reflecttion_ship"}]},"ship":{"color":[{"time":0,"color":"ffffffff","curve":"stepped"},{"time":1.6666,"color":"ffffffff"}],"attachment":[{"time":0,"name":"ship"},{"time":1.6666,"name":"ship"}]},"ship2":{"color":[{"time":0,"color":"ffffffff","curve":"stepped"},{"time":1.6666,"color":"ffffffff"}],"attachment":[{"time":0,"name":"ship2"},{"time":1.6666,"name":"ship2"}]},"torso":{"color":[{"time":0,"color":"ffffffff","curve":"stepped"},{"time":1.6666,"color":"ffffffff"}],"attachment":[{"time":0,"name":"torso"},{"time":1.6666,"name":"torso"}]}},"bones":{"torso":{"rotate":[{"time":0,"angle":0,"curve":[0.142,0.14,0.305,1]},{"time":0.4,"angle":-3.78,"curve":"stepped"},{"time":0.5666,"angle":-3.78,"curve":[0.142,0.14,0.305,1]},{"time":0.8333,"angle":3.61,"curve":"stepped"},{"time":1.2,"angle":3.61,"curve":[0.25,0,0.368,1]},{"time":1.4666,"angle":-2.86,"curve":[0.25,0,0.368,1]},{"time":1.6666,"angle":0}],"translate":[{"time":0,"x":0,"y":0}],"scale":[{"time":0,"x":1,"y":1,"curve":[0.641,-0.74,0.878,0.66]},{"time":0.4,"x":0.934,"y":1,"curve":[0.392,-0.44,0.75,1]},{"time":0.8333,"x":1,"y":1,"curve":[0.641,-0.74,0.878,0.66]},{"time":1.2,"x":0.934,"y":1,"curve":[0.392,-0.44,0.75,1]},{"time":1.6666,"x":1,"y":1}]},"root":{"rotate":[{"time":0,"angle":0}],"translate":[{"time":0,"x":0,"y":0}],"scale":[{"time":0,"x":1,"y":1}]},"ship2":{"rotate":[{"time":0,"angle":0}],"translate":[{"time":0,"x":0,"y":0}],"scale":[{"time":0,"x":1,"y":1,"curve":[0.186,0.05,0.323,1]},{"time":0.2,"x":1.026,"y":1,"curve":[0.193,0,0.532,1]},{"time":0.4,"x":1,"y":1,"curve":[0.186,0.05,0.323,1]},{"time":0.6333,"x":1.026,"y":1,"curve":[0.193,0,0.532,1]},{"time":0.8333,"x":1,"y":1,"curve":[0.186,0.05,0.323,1]},{"time":1.0333,"x":1.026,"y":1,"curve":[0.193,0,0.532,1]},{"time":1.2,"x":1,"y":1,"curve":[0.186,0.05,0.323,1]},{"time":1.4666,"x":1.026,"y":1,"curve":[0.193,0,0.532,1]},{"time":1.6666,"x":1,"y":1}]},"pupil1":{"rotate":[{"time":0,"angle":0}],"translate":[{"time":0,"x":-2.37,"y":0,"curve":[0.643,0,0.787,0.92]},{"time":0.1666,"x":-2.37,"y":2.2,"curve":"stepped"},{"time":0.2666,"x":-2.37,"y":2.2,"curve":[0.643,0,0.787,0.92]},{"time":0.4,"x":-2.37,"y":-2.2,"curve":"stepped"},{"time":0.7333,"x":-2.37,"y":-2.2,"curve":[0.643,0,0.787,0.92]},{"time":0.9333,"x":-2.37,"y":0}],"scale":[{"time":0,"x":1,"y":1}]},"pupil2":{"rotate":[{"time":0,"angle":0}],"translate":[{"time":0,"x":-2.37,"y":0,"curve":[0.643,0,0.787,0.92]},{"time":0.1666,"x":-2.37,"y":2.2,"curve":"stepped"},{"time":0.2666,"x":-2.37,"y":2.2,"curve":[0.643,0,0.787,0.92]},{"time":0.4,"x":-2.37,"y":-2.2,"curve":"stepped"},{"time":0.7333,"x":-2.37,"y":-2.2,"curve":[0.643,0,0.787,0.92]},{"time":0.9333,"x":-2.37,"y":0}],"scale":[{"time":0,"x":1,"y":1}]},"head":{"rotate":[{"time":0,"angle":0}],"translate":[{"time":0,"x":0,"y":0,"curve":[0.634,-0.55,0.82,0.82]},{"time":0.2666,"x":-3.02,"y":-0.18,"curve":[0.348,-0.26,0.75,1]},{"time":0.5333,"x":0,"y":0,"curve":[0.634,-0.55,0.82,0.82]},{"time":0.7666,"x":-3.02,"y":-0.18,"curve":[0.348,-0.26,0.75,1]},{"time":1.6666,"x":0,"y":0}],"scale":[{"time":0,"x":1,"y":1}]},"eye1":{"rotate":[{"time":0,"angle":0}],"translate":[{"time":0,"x":0,"y":0}],"scale":[{"time":0,"x":1,"y":1,"curve":"stepped"},{"time":0.6666,"x":1,"y":1,"curve":[0.25,0,0.368,1]},{"time":0.7666,"x":0.53,"y":1,"curve":[0.228,0.16,0.44,1.02]},{"time":0.9,"x":1,"y":1}]},"dome":{"rotate":[{"time":0,"angle":0}],"translate":[{"time":0,"x":0,"y":0}],"scale":[{"time":0,"x":1,"y":1,"curve":[0.189,0.14,0.539,1.32]},{"time":0.4,"x":0.943,"y":1,"curve":[0.189,0.14,0.539,1.32]},{"time":0.8333,"x":1,"y":1,"curve":[0.189,0.14,0.539,1.32]},{"time":1.2,"x":0.943,"y":1,"curve":[0.189,0.14,0.539,1.32]},{"time":1.6666,"x":1,"y":1}]},"eye2":{"rotate":[{"time":0,"angle":0}],"translate":[{"time":0,"x":0,"y":0}],"scale":[{"time":0,"x":1,"y":1,"curve":"stepped"},{"time":0.6666,"x":1,"y":1,"curve":[0.25,0,0.368,1]},{"time":0.7666,"x":0.53,"y":1,"curve":[0.228,0.16,0.44,1.02]},{"time":0.9,"x":1,"y":1}]},"ref2":{"rotate":[{"time":0,"angle":0}],"translate":[{"time":0,"x":0,"y":0,"curve":[0.25,0,0.75,1]},{"time":0.4,"x":0,"y":2.97,"curve":[0.25,0,0.75,1]},{"time":0.8333,"x":0,"y":0,"curve":[0.25,0,0.75,1]},{"time":1.2,"x":0,"y":2.97,"curve":[0.25,0,0.75,1]},{"time":1.6666,"x":0,"y":0}],"scale":[{"time":0,"x":1,"y":1,"curve":[0.378,-0.17,0.787,0.91]},{"time":0.4333,"x":0.9,"y":0.9,"curve":[0.378,-0.17,0.787,0.91]},{"time":0.8333,"x":1,"y":1,"curve":[0.378,-0.17,0.787,0.91]},{"time":1.2,"x":0.9,"y":0.9,"curve":[0.378,-0.17,0.787,0.91]},{"time":1.6666,"x":1,"y":1}]},"bone":{"rotate":[{"time":0,"angle":0}],"translate":[{"time":0,"x":0,"y":0,"curve":[0.495,-0.36,0.768,0.89]},{"time":0.4,"x":7.48,"y":-7.93,"curve":[0.495,-0.36,0.768,0.89]},{"time":0.8333,"x":0,"y":0,"curve":[0.495,-0.36,0.768,0.89]},{"time":1.2,"x":7.48,"y":-7.93,"curve":[0.495,-0.36,0.768,0.89]},{"time":1.6666,"x":0,"y":0}],"scale":[{"time":0,"x":1,"y":1,"curve":[0.25,0,0.75,1]},{"time":0.4,"x":0.84,"y":0.84,"curve":[0.25,0,0.75,1]},{"time":0.8333,"x":1,"y":1,"curve":[0.25,0,0.75,1]},{"time":1.2,"x":0.84,"y":0.84,"curve":[0.25,0,0.75,1]},{"time":1.6666,"x":1,"y":1}]},"eyebrown2":{"rotate":[{"time":0,"angle":0}],"translate":[{"time":0,"x":0,"y":0,"curve":"stepped"},{"time":0.6666,"x":0,"y":0,"curve":[0.636,0,0.757,0.96]},{"time":0.7666,"x":-7.9,"y":0,"curve":[0.636,0,0.757,0.96]},{"time":0.9,"x":0,"y":0}],"scale":[{"time":0,"x":1,"y":1}]},"ref_ship":{"rotate":[{"time":0,"angle":0}],"translate":[{"time":0,"x":0,"y":0}],"scale":[{"time":0,"x":1,"y":1,"curve":[0.285,-0.5,0.75,1]},{"time":0.4,"x":0.854,"y":1,"curve":[0.285,-0.5,0.75,1]},{"time":0.8333,"x":1,"y":1,"curve":[0.285,-0.5,0.75,1]},{"time":1.2,"x":0.854,"y":1,"curve":[0.285,-0.5,0.75,1]},{"time":1.6666,"x":1,"y":1}]},"bone2":{"rotate":[{"time":0,"angle":0}],"translate":[{"time":0,"x":0,"y":0,"curve":[0.495,-0.36,0.768,0.89]},{"time":0.4,"x":5.33,"y":5.95,"curve":[0.495,-0.36,0.768,0.89]},{"time":0.8333,"x":0,"y":0,"curve":[0.495,-0.36,0.768,0.89]},{"time":1.2,"x":5.33,"y":5.95,"curve":[0.495,-0.36,0.768,0.89]},{"time":1.6666,"x":0,"y":0}],"scale":[{"time":0,"x":1,"y":1,"curve":[0.25,0,0.75,1]},{"time":0.4,"x":0.84,"y":0.84,"curve":[0.25,0,0.75,1]},{"time":0.8333,"x":1,"y":1,"curve":[0.25,0,0.75,1]},{"time":1.2,"x":0.84,"y":0.84,"curve":[0.25,0,0.75,1]},{"time":1.6666,"x":1,"y":1}]},"ship":{"rotate":[{"time":0,"angle":0}],"translate":[{"time":0,"x":0,"y":0}],"scale":[{"time":0,"x":1,"y":1,"curve":[0.25,0,0.75,1]},{"time":0.4333,"x":0.892,"y":1,"curve":[0.25,0,0.75,1]},{"time":0.8333,"x":1,"y":1,"curve":[0.25,0,0.75,1]},{"time":1.2666,"x":0.892,"y":1,"curve":[0.25,0,0.75,1]},{"time":1.6666,"x":1,"y":1}]},"eyebrown1":{"rotate":[{"time":0,"angle":0}],"translate":[{"time":0,"x":0,"y":0,"curve":"stepped"},{"time":0.6666,"x":0,"y":0,"curve":[0.636,0,0.757,0.96]},{"time":0.7666,"x":-7.9,"y":0,"curve":[0.636,0,0.757,0.96]},{"time":0.9,"x":0,"y":0}],"scale":[{"time":0,"x":1,"y":1}]},"arms":{"rotate":[{"time":0,"angle":0,"curve":[0.467,-0.47,0.794,0.96]},{"time":0.2666,"angle":-6.15,"curve":"stepped"},{"time":0.3666,"angle":-6.15,"curve":[0.467,-0.47,0.794,0.96]},{"time":0.5333,"angle":3.32,"curve":"stepped"},{"time":0.7666,"angle":3.32,"curve":[0.467,-0.47,0.794,0.96]},{"time":0.9333,"angle":-4.81,"curve":[0.467,-0.47,0.794,0.96]},{"time":1.6666,"angle":0}],"translate":[{"time":0,"x":0,"y":0}],"scale":[{"time":0,"x":1,"y":1}]},"ref1":{"rotate":[{"time":0,"angle":0}],"translate":[{"time":0,"x":0,"y":0,"curve":[0.25,0,0.75,1]},{"time":0.4,"x":0,"y":2.97,"curve":[0.25,0,0.75,1]},{"time":0.8333,"x":0,"y":0,"curve":[0.25,0,0.75,1]},{"time":1.2,"x":0,"y":2.97,"curve":[0.25,0,0.75,1]},{"time":1.6666,"x":0,"y":0}],"scale":[{"time":0,"x":1,"y":1,"curve":[0.378,-0.17,0.787,0.91]},{"time":0.4,"x":0.9,"y":0.9,"curve":[0.378,-0.17,0.787,0.91]},{"time":0.8333,"x":1,"y":1,"curve":[0.378,-0.17,0.787,0.91]},{"time":1.2,"x":0.9,"y":0.9,"curve":[0.378,-0.17,0.787,0.91]},{"time":1.6666,"x":1,"y":1}]}},"drawOrder":[{"time":0},{"time":1.6666}]},"idle_slow":{"slots":{"After/secuencia/final_00023":{"color":[{"time":0,"color":"ffffffff","curve":"stepped"},{"time":3,"color":"ffffffff"}],"attachment":[{"time":0,"name":"After/secuencia/final_00000"},{"time":0.0666,"name":"After/secuencia/final_00001"},{"time":0.1333,"name":"After/secuencia/final_00002"},{"time":0.2333,"name":"After/secuencia/final_00003"},{"time":0.3,"name":"After/secuencia/final_00004"},{"time":0.3666,"name":"After/secuencia/final_00005"},{"time":0.4333,"name":"After/secuencia/final_00006"},{"time":0.4666,"name":"After/secuencia/final_00007"},{"time":0.6,"name":"After/secuencia/final_00008"},{"time":0.6666,"name":"After/secuencia/final_00009"},{"time":0.7333,"name":"After/secuencia/final_00010"},{"time":0.7666,"name":"After/secuencia/final_00011"},{"time":0.8333,"name":"After/secuencia/final_00012"},{"time":0.9666,"name":"After/secuencia/final_00014"},{"time":1.0333,"name":"After/secuencia/final_00015"},{"time":1.0666,"name":"After/secuencia/final_00016"},{"time":1.1333,"name":"After/secuencia/final_00017"},{"time":1.2,"name":"After/secuencia/final_00018"},{"time":1.3333,"name":"After/secuencia/final_00019"},{"time":1.3666,"name":"After/secuencia/final_00020"},{"time":1.4333,"name":"After/secuencia/final_00021"},{"time":1.5,"name":"After/secuencia/final_00000"},{"time":1.5666,"name":"After/secuencia/final_00001"},{"time":1.6333,"name":"After/secuencia/final_00002"},{"time":1.7333,"name":"After/secuencia/final_00003"},{"time":1.8,"name":"After/secuencia/final_00004"},{"time":1.8666,"name":"After/secuencia/final_00005"},{"time":1.9,"name":"After/secuencia/final_00006"},{"time":1.9666,"name":"After/secuencia/final_00007"},{"time":2.1,"name":"After/secuencia/final_00008"},{"time":2.1666,"name":"After/secuencia/final_00009"},{"time":2.2,"name":"After/secuencia/final_00010"},{"time":2.2666,"name":"After/secuencia/final_00011"},{"time":2.3333,"name":"After/secuencia/final_00012"},{"time":2.4666,"name":"After/secuencia/final_00014"},{"time":2.5,"name":"After/secuencia/final_00015"},{"time":2.5666,"name":"After/secuencia/final_00016"},{"time":2.6333,"name":"After/secuencia/final_00017"},{"time":2.7,"name":"After/secuencia/final_00018"},{"time":2.8,"name":"After/secuencia/final_00019"},{"time":2.8666,"name":"After/secuencia/final_00020"},{"time":2.9333,"name":"After/secuencia/final_00021"},{"time":3,"name":"After/secuencia/final_00022"}]},"ab1":{"color":[{"time":0,"color":"ffffffff","curve":"stepped"},{"time":3,"color":"ffffffff"}],"attachment":[{"time":0,"name":"ab1"},{"time":3,"name":"ab1"}]},"cabin":{"color":[{"time":0,"color":"ffffffff","curve":"stepped"},{"time":3,"color":"ffffffff"}],"attachment":[{"time":0,"name":"cabin"},{"time":3,"name":"cabin"}]},"dome":{"color":[{"time":0,"color":"ffffffff","curve":"stepped"},{"time":3,"color":"ffffffff"}],"attachment":[{"time":0,"name":"dome"},{"time":3,"name":"dome"}]},"eye1_a":{"color":[{"time":0,"color":"ffffffff","curve":"stepped"},{"time":3,"color":"ffffffff"}],"attachment":[{"time":0,"name":"eye1_a"},{"time":1.4,"name":"eye1_b"},{"time":1.5333,"name":"eye1_a"},{"time":3,"name":"eye1_a"}]},"eye2_a":{"color":[{"time":0,"color":"ffffffff","curve":"stepped"},{"time":3,"color":"ffffffff"}],"attachment":[{"time":0,"name":"eye1_a"},{"time":1.4,"name":"eye2_b"},{"time":1.5333,"name":"eye1_a"},{"time":3,"name":"eye1_a"}]},"eyebrown1":{"color":[{"time":0,"color":"ffffffff","curve":"stepped"},{"time":3,"color":"ffffffff"}],"attachment":[{"time":0,"name":"eyebrown1"},{"time":3,"name":"eyebrown1"}]},"eyebrown2":{"color":[{"time":0,"color":"ffffffff","curve":"stepped"},{"time":3,"color":"ffffffff"}],"attachment":[{"time":0,"name":"eyebrown2"},{"time":3,"name":"eyebrown2"}]},"hands":{"color":[{"time":0,"color":"ffffffff","curve":"stepped"},{"time":3,"color":"ffffffff"}],"attachment":[{"time":0,"name":"hands"},{"time":3,"name":"hands"}]},"head":{"color":[{"time":0,"color":"ffffffff","curve":"stepped"},{"time":3,"color":"ffffffff"}],"attachment":[{"time":0,"name":"head"},{"time":3,"name":"head"}]},"light":{"color":[{"time":0,"color":"ffffffff","curve":"stepped"},{"time":3,"color":"ffffffff"}],"attachment":[{"time":0,"name":"light_coof"},{"time":0.3666,"name":"light"},{"time":0.7333,"name":"light_coof"},{"time":1.0666,"name":"light"},{"time":1.4333,"name":"light_coof"},{"time":1.8,"name":"light"},{"time":2.1666,"name":"light_coof"},{"time":2.5,"name":"light"},{"time":2.8666,"name":"light_coof"},{"time":3,"name":"light_coof"}]},"ligth1":{"color":[{"time":0,"color":"ffffffff","curve":"stepped"},{"time":3,"color":"ffffffff"}],"attachment":[{"time":0,"name":"Capa_24"},{"time":0.3666,"name":"light_coof2"},{"time":0.7333,"name":"Capa_24"},{"time":1.0666,"name":"light_coof2"},{"time":1.4333,"name":"Capa_24"},{"time":1.8,"name":"light_coof2"},{"time":2.1666,"name":"Capa_24"},{"time":2.5,"name":"light_coof2"},{"time":2.8666,"name":"Capa_24"},{"time":3,"name":"Capa_24"}]},"ligth2":{"color":[{"time":0,"color":"ffffffff","curve":"stepped"},{"time":3,"color":"ffffffff"}],"attachment":[{"time":0,"name":"Capa_24"},{"time":0.3666,"name":"Capa_23"},{"time":0.7333,"name":"Capa_24"},{"time":1.0666,"name":"Capa_23"},{"time":1.4333,"name":"Capa_24"},{"time":1.8,"name":"Capa_23"},{"time":2.1666,"name":"Capa_24"},{"time":2.5,"name":"Capa_23"},{"time":2.8666,"name":"Capa_24"},{"time":3,"name":"Capa_24"}]},"ligth3":{"color":[{"time":0,"color":"ffffffff","curve":"stepped"},{"time":3,"color":"ffffffff"}],"attachment":[{"time":0,"name":"ligth3"},{"time":0.3666,"name":"ligth_oof"},{"time":0.7333,"name":"ligth3"},{"time":1.0666,"name":"ligth_oof"},{"time":1.4333,"name":"ligth3"},{"time":1.8,"name":"ligth_oof"},{"time":2.1666,"name":"ligth3"},{"time":2.5,"name":"ligth_oof"},{"time":2.8666,"name":"ligth3"},{"time":3,"name":"ligth3"}]},"ligth4":{"color":[{"time":0,"color":"ffffffff","curve":"stepped"},{"time":3,"color":"ffffffff"}],"attachment":[{"time":0,"name":"Capa_22"},{"time":0.3666,"name":"Capa_21"},{"time":0.7333,"name":"Capa_22"},{"time":1.0666,"name":"Capa_21"},{"time":1.4333,"name":"Capa_22"},{"time":1.8,"name":"Capa_21"},{"time":2.1666,"name":"Capa_22"},{"time":2.5,"name":"Capa_21"},{"time":2.8666,"name":"Capa_22"},{"time":3,"name":"Capa_22"}]},"manu13":{"color":[{"time":0,"color":"23ff00ff","curve":[0.901,0,0.834,0.88]},{"time":0.3666,"color":"149900ff","curve":[0.25,0,0.349,1]},{"time":0.7666,"color":"23ff00ff","curve":[0.901,0,0.834,0.88]},{"time":1.1333,"color":"149900ff","curve":[0.25,0,0.349,1]},{"time":1.5,"color":"23ff00ff","curve":[0.901,0,0.834,0.88]},{"time":1.8666,"color":"149900ff","curve":[0.25,0,0.349,1]},{"time":2.2666,"color":"23ff00ff","curve":[0.901,0,0.834,0.88]},{"time":2.6333,"color":"149900ff","curve":[0.25,0,0.349,1]},{"time":3,"color":"23ff00ff"}],"attachment":[{"time":0,"name":"manu13"},{"time":3,"name":"manu13"}]},"manu14":{"color":[{"time":0,"color":"23ff00ff","curve":[0.901,0,0.834,0.88]},{"time":0.3666,"color":"149900ff","curve":[0.25,0,0.349,1]},{"time":0.7666,"color":"23ff00ff","curve":[0.901,0,0.834,0.88]},{"time":1.1333,"color":"149900ff","curve":[0.25,0,0.349,1]},{"time":1.5,"color":"23ff00ff","curve":[0.901,0,0.834,0.88]},{"time":1.8666,"color":"149900ff","curve":[0.25,0,0.349,1]},{"time":2.2666,"color":"23ff00ff","curve":[0.901,0,0.834,0.88]},{"time":2.6333,"color":"149900ff","curve":[0.25,0,0.349,1]},{"time":3,"color":"23ff00ff"}],"attachment":[{"time":0,"name":"manu13"},{"time":3,"name":"manu13"}]},"menu_pink":{"color":[{"time":0,"color":"ff00c5ff","curve":[0.95,0,0.827,0.89]},{"time":0.3666,"color":"b8008dff","curve":[0.217,0.04,0.361,1]},{"time":0.7666,"color":"ff00c5ff","curve":[0.95,0,0.827,0.89]},{"time":1.1333,"color":"b8008dff","curve":[0.217,0.04,0.361,1]},{"time":1.5,"color":"ff00c5ff","curve":[0.95,0,0.827,0.89]},{"time":1.8666,"color":"b8008dff","curve":[0.217,0.04,0.361,1]},{"time":2.2666,"color":"ff00c5ff","curve":[0.95,0,0.827,0.89]},{"time":2.6333,"color":"b8008dff","curve":[0.217,0.04,0.361,1]},{"time":3,"color":"ff00c5ff"}],"attachment":[{"time":0,"name":"menu_pink"},{"time":3,"name":"menu_pink"}]},"menu_pink2":{"color":[{"time":0,"color":"ff00c5ff","curve":[0.95,0,0.827,0.89]},{"time":0.3666,"color":"b8008dff","curve":[0.217,0.04,0.361,1]},{"time":0.7666,"color":"ff00c5ff","curve":[0.95,0,0.827,0.89]},{"time":1.1333,"color":"b8008dff","curve":[0.217,0.04,0.361,1]},{"time":1.5,"color":"ff00c5ff","curve":[0.95,0,0.827,0.89]},{"time":1.8666,"color":"b8008dff","curve":[0.217,0.04,0.361,1]},{"time":2.2666,"color":"ff00c5ff","curve":[0.95,0,0.827,0.89]},{"time":2.6333,"color":"b8008dff","curve":[0.217,0.04,0.361,1]},{"time":3,"color":"ff00c5ff"}],"attachment":[{"time":0,"name":"menu_pink"},{"time":3,"name":"menu_pink"}]},"pupil1":{"color":[{"time":0,"color":"ffffffff","curve":"stepped"},{"time":3,"color":"ffffffff"}],"attachment":[{"time":0,"name":"pupil"},{"time":1.4,"name":null},{"time":1.5333,"name":"pupil"},{"time":3,"name":"pupil"}]},"pupil2":{"color":[{"time":0,"color":"ffffffff","curve":"stepped"},{"time":3,"color":"ffffffff"}],"attachment":[{"time":0,"name":"pupil_copia"},{"time":1.4,"name":null},{"time":1.5333,"name":"pupil_copia"},{"time":3,"name":"pupil_copia"}]},"reflection2":{"color":[{"time":0,"color":"ffffff9a","curve":"stepped"},{"time":3,"color":"ffffff9a"}],"attachment":[{"time":0,"name":"reflection2"},{"time":3,"name":"reflection2"}]},"reflection1_a":{"color":[{"time":0,"color":"ffffff9a","curve":"stepped"},{"time":3,"color":"ffffff9a"}],"attachment":[{"time":0,"name":"reflection1_a"},{"time":3,"name":"reflection1_a"}]},"reflection1_b":{"color":[{"time":0,"color":"ffffff9a","curve":"stepped"},{"time":3,"color":"ffffff9a"}],"attachment":[{"time":0,"name":"reflection1_b"},{"time":3,"name":"reflection1_b"}]},"reflection2_a":{"color":[{"time":0,"color":"ffffff9a","curve":"stepped"},{"time":3,"color":"ffffff9a"}],"attachment":[{"time":0,"name":"refletion2_a"},{"time":3,"name":"refletion2_a"}]},"reflecttion_ship":{"color":[{"time":0,"color":"ffffff9a","curve":"stepped"},{"time":3,"color":"ffffff9a"}],"attachment":[{"time":0,"name":"reflecttion_ship"},{"time":3,"name":"reflecttion_ship"}]},"ship":{"color":[{"time":0,"color":"ffffffff","curve":"stepped"},{"time":3,"color":"ffffffff"}],"attachment":[{"time":0,"name":"ship"},{"time":3,"name":"ship"}]},"ship2":{"color":[{"time":0,"color":"ffffffff","curve":"stepped"},{"time":3,"color":"ffffffff"}],"attachment":[{"time":0,"name":"ship2"},{"time":3,"name":"ship2"}]},"torso":{"color":[{"time":0,"color":"ffffffff","curve":"stepped"},{"time":3,"color":"ffffffff"}],"attachment":[{"time":0,"name":"torso"},{"time":3,"name":"torso"}]}},"bones":{"root":{"rotate":[{"time":0,"angle":0}],"translate":[{"time":0,"x":0,"y":0}],"scale":[{"time":0,"x":1,"y":1}]},"bone2":{"rotate":[{"time":0,"angle":0}],"translate":[{"time":0,"x":0,"y":0,"curve":[0.495,-0.36,0.768,0.89]},{"time":0.7333,"x":5.33,"y":5.95,"curve":[0.495,-0.36,0.768,0.89]},{"time":1.5,"x":0,"y":0,"curve":[0.495,-0.36,0.768,0.89]},{"time":2.2,"x":5.33,"y":5.95,"curve":[0.495,-0.36,0.768,0.89]},{"time":3,"x":0,"y":0}],"scale":[{"time":0,"x":1,"y":1,"curve":[0.25,0,0.75,1]},{"time":0.7333,"x":0.84,"y":0.84,"curve":[0.25,0,0.75,1]},{"time":1.5,"x":1,"y":1,"curve":[0.25,0,0.75,1]},{"time":2.2,"x":0.84,"y":0.84,"curve":[0.25,0,0.75,1]},{"time":3,"x":1,"y":1}]},"bone":{"rotate":[{"time":0,"angle":0}],"translate":[{"time":0,"x":0,"y":0,"curve":[0.495,-0.36,0.768,0.89]},{"time":0.7333,"x":7.48,"y":-7.93,"curve":[0.495,-0.36,0.768,0.89]},{"time":1.5,"x":0,"y":0,"curve":[0.495,-0.36,0.768,0.89]},{"time":2.2,"x":7.48,"y":-7.93,"curve":[0.495,-0.36,0.768,0.89]},{"time":3,"x":0,"y":0}],"scale":[{"time":0,"x":1,"y":1,"curve":[0.25,0,0.75,1]},{"time":0.7333,"x":0.84,"y":0.84,"curve":[0.25,0,0.75,1]},{"time":1.5,"x":1,"y":1,"curve":[0.25,0,0.75,1]},{"time":2.2,"x":0.84,"y":0.84,"curve":[0.25,0,0.75,1]},{"time":3,"x":1,"y":1}]},"ref_ship":{"rotate":[{"time":0,"angle":0}],"translate":[{"time":0,"x":0,"y":0}],"scale":[{"time":0,"x":1,"y":1,"curve":[0.285,-0.5,0.75,1]},{"time":0.7333,"x":0.854,"y":1,"curve":[0.285,-0.5,0.75,1]},{"time":1.5,"x":1,"y":1,"curve":[0.285,-0.5,0.75,1]},{"time":2.2,"x":0.854,"y":1,"curve":[0.285,-0.5,0.75,1]},{"time":3,"x":1,"y":1}]},"pupil2":{"rotate":[{"time":0,"angle":0}],"translate":[{"time":0,"x":-2.37,"y":0,"curve":[0.643,0,0.787,0.92]},{"time":0.3,"x":-2.37,"y":2.2,"curve":"stepped"},{"time":0.5,"x":-2.37,"y":2.2,"curve":[0.643,0,0.787,0.92]},{"time":0.7333,"x":-2.37,"y":-2.2,"curve":"stepped"},{"time":1.3,"x":-2.37,"y":-2.2,"curve":[0.643,0,0.787,0.92]},{"time":1.6666,"x":-2.37,"y":0}],"scale":[{"time":0,"x":1,"y":1}]},"pupil1":{"rotate":[{"time":0,"angle":0}],"translate":[{"time":0,"x":-2.37,"y":0,"curve":[0.643,0,0.787,0.92]},{"time":0.3,"x":-2.37,"y":2.2,"curve":"stepped"},{"time":0.5,"x":-2.37,"y":2.2,"curve":[0.643,0,0.787,0.92]},{"time":0.7333,"x":-2.37,"y":-2.2,"curve":"stepped"},{"time":1.3,"x":-2.37,"y":-2.2,"curve":[0.643,0,0.787,0.92]},{"time":1.6666,"x":-2.37,"y":0}],"scale":[{"time":0,"x":1,"y":1}]},"eyebrown2":{"rotate":[{"time":0,"angle":0}],"translate":[{"time":0,"x":0,"y":0,"curve":"stepped"},{"time":1.2333,"x":0,"y":0,"curve":[0.636,0,0.757,0.96]},{"time":1.4,"x":-7.9,"y":0,"curve":[0.636,0,0.757,0.96]},{"time":1.6333,"x":0,"y":0}],"scale":[{"time":0,"x":1,"y":1}]},"eyebrown1":{"rotate":[{"time":0,"angle":0}],"translate":[{"time":0,"x":0,"y":0,"curve":"stepped"},{"time":1.2333,"x":0,"y":0,"curve":[0.636,0,0.757,0.96]},{"time":1.4,"x":-7.9,"y":0,"curve":[0.636,0,0.757,0.96]},{"time":1.6333,"x":0,"y":0}],"scale":[{"time":0,"x":1,"y":1}]},"eye1":{"rotate":[{"time":0,"angle":0}],"translate":[{"time":0,"x":0,"y":0}],"scale":[{"time":0,"x":1,"y":1,"curve":"stepped"},{"time":1.2333,"x":1,"y":1,"curve":[0.25,0,0.368,1]},{"time":1.4,"x":0.53,"y":1,"curve":[0.228,0.16,0.44,1.02]},{"time":1.6333,"x":1,"y":1}]},"eye2":{"rotate":[{"time":0,"angle":0}],"translate":[{"time":0,"x":0,"y":0}],"scale":[{"time":0,"x":1,"y":1,"curve":"stepped"},{"time":1.2333,"x":1,"y":1,"curve":[0.25,0,0.368,1]},{"time":1.4,"x":0.53,"y":1,"curve":[0.228,0.16,0.44,1.02]},{"time":1.6333,"x":1,"y":1}]},"head":{"rotate":[{"time":0,"angle":0}],"translate":[{"time":0,"x":0,"y":0,"curve":[0.634,-0.55,0.82,0.82]},{"time":0.4666,"x":-3.02,"y":-0.18,"curve":[0.348,-0.26,0.75,1]},{"time":0.9666,"x":0,"y":0,"curve":[0.634,-0.55,0.82,0.82]},{"time":1.4,"x":-3.02,"y":-0.18,"curve":[0.348,-0.26,0.75,1]},{"time":3,"x":0,"y":0}],"scale":[{"time":0,"x":1,"y":1}]},"arms":{"rotate":[{"time":0,"angle":0,"curve":[0.467,-0.47,0.794,0.96]},{"time":0.4666,"angle":-6.15,"curve":"stepped"},{"time":0.6666,"angle":-6.15,"curve":[0.467,-0.47,0.794,0.96]},{"time":0.9666,"angle":3.32,"curve":"stepped"},{"time":1.3666,"angle":3.32,"curve":[0.467,-0.47,0.794,0.96]},{"time":1.6666,"angle":-4.81,"curve":[0.467,-0.47,0.794,0.96]},{"time":3,"angle":0}],"translate":[{"time":0,"x":0,"y":0}],"scale":[{"time":0,"x":1,"y":1}]},"torso":{"rotate":[{"time":0,"angle":0,"curve":[0.142,0.14,0.305,1]},{"time":0.7333,"angle":-3.78,"curve":"stepped"},{"time":1.0333,"angle":-3.78,"curve":[0.142,0.14,0.305,1]},{"time":1.5,"angle":3.61,"curve":"stepped"},{"time":2.1666,"angle":3.61,"curve":[0.25,0,0.368,1]},{"time":2.6333,"angle":-2.86,"curve":[0.25,0,0.368,1]},{"time":3,"angle":0}],"translate":[{"time":0,"x":0,"y":0}],"scale":[{"time":0,"x":1,"y":1,"curve":[0.641,-0.74,0.878,0.66]},{"time":0.7333,"x":0.934,"y":1,"curve":[0.392,-0.44,0.75,1]},{"time":1.5,"x":1,"y":1,"curve":[0.641,-0.74,0.878,0.66]},{"time":2.2,"x":0.934,"y":1,"curve":[0.392,-0.44,0.75,1]},{"time":3,"x":1,"y":1}]},"ref2":{"rotate":[{"time":0,"angle":0}],"translate":[{"time":0,"x":0,"y":0,"curve":[0.25,0,0.75,1]},{"time":0.7333,"x":0,"y":2.97,"curve":[0.25,0,0.75,1]},{"time":1.5,"x":0,"y":0,"curve":[0.25,0,0.75,1]},{"time":2.2,"x":0,"y":2.97,"curve":[0.25,0,0.75,1]},{"time":3,"x":0,"y":0}],"scale":[{"time":0,"x":1,"y":1,"curve":[0.378,-0.17,0.787,0.91]},{"time":0.7666,"x":0.9,"y":0.9,"curve":[0.378,-0.17,0.787,0.91]},{"time":1.5,"x":1,"y":1,"curve":[0.378,-0.17,0.787,0.91]},{"time":2.2,"x":0.9,"y":0.9,"curve":[0.378,-0.17,0.787,0.91]},{"time":3,"x":1,"y":1}]},"ref1":{"rotate":[{"time":0,"angle":0}],"translate":[{"time":0,"x":0,"y":0,"curve":[0.25,0,0.75,1]},{"time":0.7333,"x":0,"y":2.97,"curve":[0.25,0,0.75,1]},{"time":1.5,"x":0,"y":0,"curve":[0.25,0,0.75,1]},{"time":2.2,"x":0,"y":2.97,"curve":[0.25,0,0.75,1]},{"time":3,"x":0,"y":0}],"scale":[{"time":0,"x":1,"y":1,"curve":[0.378,-0.17,0.787,0.91]},{"time":0.7333,"x":0.9,"y":0.9,"curve":[0.378,-0.17,0.787,0.91]},{"time":1.5,"x":1,"y":1,"curve":[0.378,-0.17,0.787,0.91]},{"time":2.2,"x":0.9,"y":0.9,"curve":[0.378,-0.17,0.787,0.91]},{"time":3,"x":1,"y":1}]},"ship":{"rotate":[{"time":0,"angle":0}],"translate":[{"time":0,"x":0,"y":0}],"scale":[{"time":0,"x":1,"y":1,"curve":[0.25,0,0.75,1]},{"time":0.7666,"x":0.892,"y":1,"curve":[0.25,0,0.75,1]},{"time":1.5,"x":1,"y":1,"curve":[0.25,0,0.75,1]},{"time":2.2666,"x":0.892,"y":1,"curve":[0.25,0,0.75,1]},{"time":3,"x":1,"y":1}]},"dome":{"rotate":[{"time":0,"angle":0}],"translate":[{"time":0,"x":0,"y":0}],"scale":[{"time":0,"x":1,"y":1,"curve":[0.189,0.14,0.539,1.32]},{"time":0.7333,"x":0.943,"y":1,"curve":[0.189,0.14,0.539,1.32]},{"time":1.5,"x":1,"y":1,"curve":[0.189,0.14,0.539,1.32]},{"time":2.2,"x":0.943,"y":1,"curve":[0.189,0.14,0.539,1.32]},{"time":3,"x":1,"y":1}]},"ship2":{"rotate":[{"time":0,"angle":0}],"translate":[{"time":0,"x":0,"y":0}],"scale":[{"time":0,"x":1,"y":1,"curve":[0.186,0.05,0.323,1]},{"time":0.3666,"x":1.026,"y":1,"curve":[0.193,0,0.532,1]},{"time":0.7333,"x":1,"y":1,"curve":[0.186,0.05,0.323,1]},{"time":1.1333,"x":1.026,"y":1,"curve":[0.193,0,0.532,1]},{"time":1.5,"x":1,"y":1,"curve":[0.186,0.05,0.323,1]},{"time":1.8666,"x":1.026,"y":1,"curve":[0.193,0,0.532,1]},{"time":2.2,"x":1,"y":1,"curve":[0.186,0.05,0.323,1]},{"time":2.6333,"x":1.026,"y":1,"curve":[0.193,0,0.532,1]},{"time":3,"x":1,"y":1}]}},"drawOrder":[{"time":0},{"time":3}]}}}