{"frames": [

{
	"filename": "fben",
	"frame": {"x":1,"y":1,"w":457,"h":259},
	"rotated": false,
	"trimmed": false,
	"spriteSourceSize": {"x":0,"y":0,"w":457,"h":259},
	"sourceSize": {"w":457,"h":259},
	"pivot": {"x":0.5,"y":0.5}
},
{
	"filename": "fbes",
	"frame": {"x":460,"y":1,"w":457,"h":259},
	"rotated": false,
	"trimmed": false,
	"spriteSourceSize": {"x":0,"y":0,"w":457,"h":259},
	"sourceSize": {"w":457,"h":259},
	"pivot": {"x":0.5,"y":0.5}
}],
"meta": {
	"app": "http://www.codeandweb.com/texturepacker",
	"version": "1.0",
	"image": "atlas.png",
	"format": "RGBA8888",
	"size": {"w":918,"h":261},
	"scale": "0.5",
	"smartupdate": "$TexturePacker:SmartUpdate:8b71accfd5bc84b73489e9eef50a2fec:92d70552080031a7ed023d1b34a4a158:cbce6b53f0f49e0bf15173c25c41f876$"
}
}
