{"frames": [

{
	"filename": "loading_bottom",
	"frame": {"x":884,"y":1,"w":435,"h":27},
	"rotated": false,
	"trimmed": false,
	"spriteSourceSize": {"x":0,"y":0,"w":435,"h":27},
	"sourceSize": {"w":435,"h":27},
	"pivot": {"x":0.5,"y":0.5}
},
{
	"filename": "loading_top",
	"frame": {"x":884,"y":30,"w":435,"h":27},
	"rotated": false,
	"trimmed": false,
	"spriteSourceSize": {"x":0,"y":0,"w":435,"h":27},
	"sourceSize": {"w":435,"h":27},
	"pivot": {"x":0.5,"y":0.5}
},
{
	"filename": "logo",
	"frame": {"x":1,"y":1,"w":881,"h":240},
	"rotated": false,
	"trimmed": false,
	"spriteSourceSize": {"x":0,"y":0,"w":881,"h":240},
	"sourceSize": {"w":881,"h":240},
	"pivot": {"x":0.5,"y":0.5}
},
{
	"filename": "pattern",
	"frame": {"x":884,"y":59,"w":229,"h":171},
	"rotated": false,
	"trimmed": false,
	"spriteSourceSize": {"x":0,"y":0,"w":229,"h":171},
	"sourceSize": {"w":229,"h":171},
	"pivot": {"x":0.5,"y":0.5}
}],
"meta": {
	"app": "http://www.codeandweb.com/texturepacker",
	"version": "1.0",
	"image": "atlas.png",
	"format": "RGBA8888",
	"size": {"w":1320,"h":242},
	"scale": "1",
	"smartupdate": "$TexturePacker:SmartUpdate:7a47b6e92d66582a04cb0d09024f02ed:7f28f4d3df7cd57a1b9981e583531cf7:cbce6b53f0f49e0bf15173c25c41f876$"
}
}
